5,"0459c2f9a04ddad3a53a7c25b243b940"
6,"3be949bfdde24b5d64c14f41f1478c00"
7,"d06f5937e0a9985df5fc8920f7ca671a"
8,"970648f7390b700b133f72cae894548c"
9,"623c16bca5179d8e676e029e28f0868c"
10,"b6f20d32dda3c13bc03eaa70176b388d"
11,"a7da2eae4c55b3d4100eda06b831e651"
12,"a70cbb4b532aadee3bf8e9f81bf901c0"
13,"438f4232e924706984d02e9cdde2a105"
14,"eb96df8cc2f8642851359dee0e92d33c"
15,"fb9c97bff61fd3b52d0a40c5d65b4bd3"
16,"5226f0df3a59ccd7c22dc5d259e25fcc"
17,"b0d220b92b730e7d6bbd74bdf05c8a1d"
18,"086905ac1035855d24e6dba06f653211"
19,"c684563503030f336f3f72af54e9685a"
20,"bb54383a2d1b04a6db3d51e16cb7a9c9"
21,"d3d2cc547bf9013dea1aedba4f6b2d40"
22,"7852f0c99ecd36a2ad47d94abc25f067"
23,"e4e8ad76bb0042ee87ef2f1eaf651772"
24,"99435c28d1c0d55a84f11af3b90adb00"
25,"374b84547b576e0545167d3fbb9ab1be"
26,"1ddd9f824380cc53d5ded7100ca02d0c"
27,"a8b5fb1c829b42f9eabb7a3c42ada9ed"
28,"70faa6bf00ee14dd4c652b1c9d21f39a"
29,"1afa294641038e0f910908e566b75b9b"
30,"f277604e68da6e20eed9105a881b3fe8"
31,"25e52bb3bdec1ef28e83c0198cc5e274"
32,"437afab3764049608152ed5e1ef836d4"
33,"39c54ca14dcf8b20986477295e16fbde"
34,"f3dc300feb4928eb371fb6b047e1e40f"
35,"3a5827c979a9ba07e297edcfe1ed9b03"
36,"993b430a55d36a20a2ab0eb25028c0dc"
37,"7374e832c18b3a87de88ae969a97a68e"
38,"c790309433cea7f7da702ed19441d973"
39,"f04c11cd21cf30440561dcb1115540a9"
40,"01eec04a99b01a7350ef6ca6f737d30d"
41,"86c6f4ccac0e50164be17af6126d4f26"
42,"c2b05098e67b7697f20f03efd0a17034"
43,"cda26044e01ad21039f36232d8b398f3"
44,"2742f426455c1347c4abb8fe616bdda2"
45,"c911566fb464ec5f1d370adb6c599dde"
46,"e6f73bd09ab30e5bb8394503750aff2a"
47,"e03faad921a2fdcceeef2014485240c9"
48,"ac0808397aaa78c5df2b6feda38ba24e"
49,"32c4fe35c9dd2c443c5119013729c9ab"
50,"5863ba973020dd5d72f1a68cea429b70"
51,"a5c1ef948d3088cc551f9047bd06727b"
52,"c6dc47f384c3fcdc3a040e8a7e0db259"
53,"7fed2c9e26630f6ed708db9073a8f4dd"
54,"0c9a4e87b97e4748e3d39121fbbebb51"
55,"b0fc00c3ba6df8208e75e15ed1003b76"
56,"18a540526ab3928c7f4b58082f60847f"
57,"82860f6107e0cdca8ff8761831970439"
58,"33d94a2ee523ad094396fdd2defc8de0"
59,"f3cd886dc22dd9c72ba9c03d43495e0b"
60,"c81fa026835b3ba45d45274e06c4f6cd"
61,"79535cb3e2a626812f9d3f82c652c9ab"
62,"c430e1d2212c2f7fd821fa570c81fa51"
63,"bae847d3f8e42df298dd2c0e9f966708"
64,"6f8905afc241d03c1a2d5225439e071a"
65,"bc812c55d021c0b65f67421d3d0c1467"
66,"fef6a567ab29affed54e5c5d9dbb1a38"
67,"254faf80375d1d4436aedfb3bf3a5382"
68,"9a5fd0ba8d8bab1fe2f98377def25bd3"
69,"62cfb3e7bd36ed2a1ab064eba0e55a22"
70,"338a35f209b4f01952cd668249a6ba34"
71,"63ca26faf25be3aabcdec1a4e5b97cba"
72,"3a6b8e0b0fae8a6ab7d55d3f61154da9"
73,"5b6f0b9c3c64983f233049c790bde1cf"
74,"0d1e2824361d850292fac7f1d14fda2a"
75,"d4ff4e92af61db60394674b9ef476dcb"
76,"5a33ccaf55ebe2cb47738a19804709ab"
77,"dad95d5db97f63c31fd11aedb551d542"
78,"9697d3203f2a285f299455f2410e98df"
79,"2a74d957c033aff326cd075b4050c6f5"
80,"63558fc7f461ffd9aaa5b4bc5c439a44"
81,"ffc9a0576c0b6b6690857e2e7f181713"
82,"b51a53183a80a14b1eabe562d02fd74a"
83,"0282c0b4dbd1f066a7cda23a2b3b378d"
84,"db0afbeb5057673c9b6627acf7cadd1d"
85,"5f0eb8f56dfd87cf6d04354c21f229ac"
86,"817656b21ec4046dbe8c4acd7e1597be"
87,"e652e0a805f3e851bef6cba264e9bb55"
88,"9c1e494b81642fac700cb03cb09710a7"
89,"2ba6e45459626278b60d07e0792b0c8a"
90,"d524a123442a23017542c2d231a4a0f9"
91,"0fa49c809f9eaad2e3fe611f806350b3"
92,"faa08aaaec6ed470d16fc55e983227bb"
93,"67f88e5563a712b60d5d63b79dfdada9"
94,"0cb84b8aec839da729cbd82aaac973d4"
95,"9d92beff9b928c854d5a1229feedfdc1"
96,"462142bb40c7813cbc3833fd854fa45c"
97,"5cb2cbaf0fc4c99307d194eae2a35a70"
98,"de623d5ba77ed6d8379b570a21ffc9b8"
99,"4837152c808b07a0c56455b88dab365d"
100,"63eb9fb580ceb9108a431ab8237285bf"
101,"e9dca7e62c371ccc3ba6e6666dbf9831"
102,"3ffe5517d4edf86f2426696b78226f88"
103,"29cba7d54f11ed199f77601ba46f4e8b"
104,"0584a6043a3d7e1a9323395f660cd201"
105,"350cb2a69d1592e09bd77911ca7f1844"
106,"a3c42e6e01dba7074d4d577ef702c540"
107,"4b262ecf75518d676fa1b172de965cd1"
108,"0f4715fa06e3e40c83f68c39ecf18173"
109,"e7d7ce91068f98e4afc620d7c10ff2d0"
110,"b35fac6300748869ad0739e8a3a05610"
111,"3be7453f362d2c3eb6fe36d803d9f958"
112,"690c36ec99ece94b78b56dd7dfdd5a8a"
113,"75e5beef163681f3256a8e2e37bc88c3"
114,"c5a7a91ba0826282937d299ac335eb69"
115,"4ce8d2e6003ca65f4221f6c08bafc2a9"
116,"9341b5ce2beee677e2994f22fa3dade8"
117,"932dc3f63a70915de116579f736bfc6e"
118,"f2ebc21fa4ce2f09c03f8704c104282a"
119,"bbde965b6bb4eeff3159335ec4d7e35c"
120,"d53e0242cd596915664abdae531f7d65"
121,"238c653434050cb48e7fb88a0791c36c"
122,"d3878f664b544cc73103f497a5b1b8fa"
123,"26c556b70f3aa906edca4abd7e9edfc7"
124,"dfccc0c2ae6db03eb8079ea807c5fc41"
125,"52695ff471e5fc8167be0334f7c6b070"
126,"edd25ca385f73d5852a7ca960a836cdf"
127,"95a77af44f2417fc40f8328e36a12f13"
128,"fbd3b9144f6fd548ce5544c90bf6563a"
129,"c9849d2c2f8e0e76d9a7641d36641cc6"
130,"25ba45d3ef9484be6c955c050c473dc7"
131,"b0c1293d3ba3e945eb547e9fa9dd31d5"
132,"be82bdc1ef06e75604e6a588961716e2"
133,"3d114b28718decd912737dc8cda2b510"
134,"ef1c949e35b84c2f3518398f4cb2ec61"
135,"406a3565d3d8b545252f82f2914889f2"
136,"b9640ffdadb08eef10e4519728056d6e"
137,"388be5c2316c4d50611d300cef93fe77"
138,"28dc293fbd8521664519eb120595a60a"
139,"7a09bce114d8b50e60fc96848f076621"
140,"64c2137ac36edc05fb727585df162974"
141,"c2ad6de9b402b069c2d9e5b76a540ba2"
142,"bf24edfe8a5e1b0fe3015aaefd681cff"
143,"51724a60873b484dd2d5c82d6f54cd4e"
144,"94bb336377f1af719fc48f65e667f9e2"
145,"0c114ceb2e53275226f5d39fb1c7fa9b"
146,"0599901a47fb169de2f93e9145f1b601"
147,"2a7bc1ea180a29bca8d24ca3b66e43de"
148,"f44a6faa08c2ee1752146ca72a7408cc"
149,"fc2db4baac38f8a7b18bd3e526a24624"
150,"d218250406107464ba8152a66f15c947"
152,"0ed9673ba2ae39344beb778917f2d63e"
153,"d8b00f15281e08b5688b2619fc610056"
154,"87e7427396dbae46ee0dcc7d05a5db64"
155,"871c295ebb9aca61ad46ddbaada823fd"
156,"cc8df14eeec8921a6639103d5f3b34cb"
157,"2d75a9bdbce06e928faa31b210ced458"
158,"ce82696a4e0deb8808f2ea840bdd7ac1"
159,"1e407705df4debe5ee5d098bd7247d80"
160,"476427bc8a636e9f8e54c88a4b1fd14c"
161,"2401b8796ca6055f6e5829fa3c08ff4c"
162,"54a1d1611a6176e263ad51d5a8cfad25"
163,"0f8aa109ebf660b26a3a572d8b920a21"
164,"46e529f178806e2ebbc8763aa7df1acb"
165,"dd7cab769fb571ec080852676570bab6"
166,"cf6f0f4f098b218d160c9d291915558e"
167,"5bc54c5fccb34e061faedce1a203c33d"
168,"9952d7360abfb700a677286b620d50d7"
169,"7c07e9edc27e3bc372d31a21d6a84430"
170,"2ea40715eb0eb9c112bab8ba58baa3b3"
171,"4821a62825384f73935ce04331bf881d"
172,"876d6a8044b9dfb7fbcb8f709685ce1f"
173,"3c2638f7e41aa8e0cdaa7e8b64c81c9d"
174,"55c6412844967d1c6370a48403fd14d9"
175,"91d13768f3ae363182dced8bba85b9d3"
176,"eae051f9f79babb869032dd939707073"
177,"85637eb15146f725e9cad10a918cdd63"
178,"5752408fb7c08dc72528d573146a6bdd"
179,"f487f8f685f8fedc1bb204da944f50d1"
180,"55ee5d931dfaa2ade54e3d551a1d63bc"
181,"7d1b3fc73f207c79341661f8b4be8b20"
182,"18b454c11ce8daf77845dddf537281d3"
183,"a845b061e260a8b83ffb82365028e099"
184,"baa55dd430eb603f788a92322472f41c"
185,"956dec3c9c19f0ce30cbaf957310fd50"
186,"23f8231a3270c83ada2bd3a166360c55"
187,"0aa65afc60ebce4cc6768faf2db1bd34"
188,"782af4812450f2455546ecba4f8d3470"
190,"629e53ad959afcfd12daf6e5c08d609c"
191,"152a84432e3d10559086b91c574c1aa8"
192,"7db8e87ad53cf9af0af0aaa7dc0c73c1"
193,"a65dd05435a47add528201e99d6a307c"
194,"33292cfcddead4d49805694276f64e91"
195,"55c5d90d8265b92a4721e46a31e395aa"
196,"f06db157536dc36b9daa25da5a51d562"
197,"a46aa05354c57193fe4c2a9ab1c8633a"
198,"260bec158d47ac9e495618e8cdcf5ffd"
199,"5007154af5cc9257f29f887c080a93d7"
200,"563c55561fc5b18ae6edd764759e1e7e"
201,"b03c659ea24c6730a2765819307802c3"
202,"399bdb5349eb038ea6082b01b8c94cfa"
203,"bc59cbc5a1ae8effe3b686a568880bc6"
204,"5644ac5a3596fce5e265cde66b3af898"
206,"8593efe4e5f7c2cc6b344253ca53f66c"
207,"b50389a46f96e4556ba449f89d43fa15"
208,"3ea45c14ecdca722bca17147126b96cd"
209,"777697b9b35b742f02249e8f08ae029f"
210,"a06ed673510b6433ec9f464846eb2513"
211,"8902bebdb0301c0a740e4526b5e9b1d5"
212,"7fa2e77f51f033afcb28195d3cb9a109"
213,"fc6c7449f168eb5ece63c294a83e4797"
214,"0ee5bc5ff815f82511b0f689efa1e668"
215,"d9b634eff83659d52c7a4db3d0daea93"
216,"ae8afcb1d0e83468bb2ebe2435a00987"
217,"fe9baa666493b4d755841222834e046a"
218,"a0b2d14e1e519159b79d8f7943d9d661"
219,"040596c5545188f5ecacd989c8055586"
220,"1ca36913eb898a09549db5ba9d7ffec9"
221,"a2ecbd912251d8cda43d8be3e4284999"
222,"6965dfb6371698f0e3dcb4246ad29186"
223,"5fa4f89848e2aaa3b4828615c31a7a45"
224,"0053739856115141ff9184f46da0733b"
225,"62ead90171cac514942a639b9de74992"
226,"fbe0c60cea8f0999f7dd84c0266c2188"
227,"17e8a4cbb2052d93b483467f800e80fd"
228,"abd7e4c331a07f91832b93acc0554d8f"
229,"9612223c34c791a52b6531c5923cd7db"
230,"36ba8eb45833e2e531c933da10b8b138"
231,"98d0d6d7ec9f8e05114037986c30df46"
232,"7810a0d8f8de592370a82d963dd1ca29"
233,"71159b3b1f1bd4246bf5a44f9eca3187"
234,"094c129c4c711aff4139a4f3da3700a2"
235,"4298edb8f5aec1ec2de0eb5be45c7440"
236,"5ca52f76e20ad92dfe072bab3e96024d"
237,"3adb26a71b55a23423588a7d065ea84d"
238,"2d3b9099e7417548b7eb7656368c6aeb"
243,"a447af239616288f9ccdd676e875a494"
244,"55a617d24b66d1fb1e6c0a01654fc401"
245,"f0ff2512d9165b56de17a6f27a980d1e"
247,"cd52723e19bf03cfc87480024b642c0c"
248,"dd9878dad57be130ab635afbe0c47e61"
249,"7b28b4f8a95ae9ed0a9eb0bb6ea42f3a"
250,"e8070c814e953d05a5d2be41c33922a2"
251,"3631b2b10a7d496f290d36719b37e6d9"
252,"09744aabb70f494163bb4b1fdce19e85"
253,"61bd1626e645e67eb72390fb32105a1c"
254,"8ff1c0f7de192b2e8c96a229781dee4d"
255,"f32922265ee01d18dc74ef08a8333eeb"
256,"c1c8a7dbc7a1bfe1fcf09382501cddac"
257,"03f408ce04e3a195eac03787225abac5"
258,"45cb6e2c5cd94f1e252ac83ba6d3d9f3"
259,"3b0719a62ecf4b2c779f40f6becbe21b"
260,"020088c58794467340201449045f03a2"
261,"32bace90504e986e385a36954af34a8b"
262,"1a39cbcae86d5e6e40669147d6e3392b"
264,"2d8943f462655a0e6df66f7fec43f49a"
265,"1365707b189be12f53cdecb43c672810"
266,"b06386d17a7391dc998fcca4c92db4d1"
267,"11e865c0b60297bc3450438b4230e59a"
268,"dd244b3b8e262f0de1ea77b118f74322"
269,"c4072b40112c71762bd44bc2f63cf9a1"
270,"674168aa4294414fff6d3a0bdb10176a"
271,"fab3bf9bf4a571b6c2f4c2cd99080058"
272,"fc798cee20307545efd3184d4028632e"
273,"db34e470095dcfbb547ad19bedbee4b2"
274,"9cdf5303d4a925bd63ef67a798fa1d11"
275,"08b90005220c624d4974a0f09f819bdf"
276,"c195da8fc10e8eff7c2cfb3ec72374c9"
277,"14a5b0dffa3d79ce80e6e127e4de4f27"
278,"fa9fad1f24c21eb78f6f43625cee868f"
279,"cc77d51feff0228561d847a8dc5debdd"
280,"8311c59206b2600fd808827c4eddcf44"
281,"33aabdd989d17c152b9bc43dd3cc8221"
282,"150fe875704bc0ceedd05ae746159b82"
283,"96e1e9ce5efeccde2f87d3e5299da0ca"
284,"ec51be9c583f1fcedc4c99ee77e03265"
285,"2a4a47c7999ca6f846488c1ae0837df3"
286,"939f17965898d3c4be0cb4730182fa2f"
287,"a415a6b2aaa0c64453c5d478a5bf5d08"
288,"514a4be509a530e848449b56b6d11aae"
289,"967a61790df7027be60ec0c7801520c1"
290,"b2f4612f7ebb01394a634b8f8abedffd"
291,"a3c02e2d94c6c4b0d1e37bee5d8d067a"
292,"d2f93dd2ebc2490824b93f4e96106288"
293,"d6e57a4de0866d0cd1c627cefefde352"
294,"1927cb643d3880bca58ef50ef05dca23"
295,"ad915f1d86d881db2a12999188265214"
296,"61c7d19ff491f3ceba8b32ad1cb2774e"
297,"65bc78dd47a4f3fb9f1f9ca5435540c6"
298,"876cb454309f3e4c27dfc3314e2f99fb"
299,"e023fdea9a05cc090cceaee180c463af"
300,"de066f34b3679634f9904a218f6a5a16"
301,"a4ec406f683d7cc65fa5f1f2bce852c8"
302,"b1ccbb8f0f0628f65b95d1c6f8a63885"
304,"d61b108e59b756420a5674ae7524cf94"
305,"994441fc9d6c056a19e78c443a8dc58e"
306,"b93a945da01ea9a26c6ed91253f2c7f1"
307,"bcf1aa2a45ec0bec95165aa8f0d62846"
308,"a4f711fcb5268bec5282a81de338fe27"
309,"ff802b0ffbf182370b351c58a62eb57f"
310,"7415d995a0f0e5fe38673ab19b64c97b"
311,"689a6a3095a17ceeb5f6c2d0882c73b0"
312,"c5d44df81f09683e56e1f8ba73156c23"
313,"86fee701ea2c98cddaa1ce13c8d9af15"
314,"862b5ba29f23bfc053906aa042147d8c"
315,"3117b31ee0f4bd32389ff3866029e46b"
316,"9ed9e8997d5e4d4e74acaa52fd8126be"
322,"6805c8e33f9aac8d335846a63ed807f8"
323,"381d6f4026ff6b9c7c1db297d770b7f4"
324,"03be1b65570d7a312e5e3b6a96341f83"
325,"4f60f1df62db99e837bf3d2b871b9eef"
326,"41a08c88717adec6992a3d98f6433360"
329,"28ec4e12b0bc66cdacea65e450fa80f9"
330,"01e64dce9807982fcb5c679b91502cd2"
331,"cab5d07b19b88f1159816530640c1e4e"
332,"00969e39a6cf52e86731800fef414531"
333,"6784b34c17de1783f36bb7eb1d45abfb"
334,"6023cc827c6d3043a04bbe8ea8977bcb"
335,"67ff455ff95d1ef2638ccae8b4b493c3"
337,"5ec2e2e57b5005cd5561e72e4917ec7f"
338,"3bfbb9ed1e3dd3ca7cd493dd55bc8fbb"
339,"989bc68e62bba1a6112e9ae15388ed36"
340,"248fa30433c85e66c544e76c3c6be848"
341,"832dc779d285e350b9960483a1305a79"
342,"7dad98b363881a893cdeb184bd321c81"
343,"6d9810f94c68da4d4ee34939f22b621a"
344,"70c8a516e74cc2d13f17e686ce0a80e2"
345,"2b2c5b344422ce7ac9f83bd419ed3e67"
346,"ff9a3f3d95e1142b6179b61c43f0dcbb"
348,"7ce0c1c3e9a8b91906579d0224b2a5b0"
349,"18f0dc1902166f07ad69611f31a1705c"
350,"7784cb929921bc572e3d607337f73837"
351,"3a0d0e3e60d314e1b2c0f13ccd9a79bb"
352,"fbc568780e4eb655e52442a8fe2c4307"
353,"c90c0957dd08f1e5e3027abadd3333b2"
354,"e7c7ab377bf5a84794085381f63e3e02"
355,"bb411c347940f4d822bc1f70982954bc"
356,"583cfe228d1dc9d60b0a8b7caf6cfc09"
357,"a4980e5d1e95dd44cdc818b9e84f71ed"
358,"e5883867ea5e803aae0049230647e2c6"
359,"7cf52b1d0477bbe5898af0d4519138e7"
365,"cb605467149ac2d16f4df58098171e72"
366,"ff206c55e456bf5ea886e12edf9a1db6"
367,"705afe7bbbed665a3091fd8e26645797"
368,"30714cf35a72b172bbc3bb3b5f87824e"
369,"def422b5976e0cb5338825ea6c29ea78"
371,"feac3d57df00ca1e3303af87e0053a5a"
372,"d508cf56980b4a89e03b4aa1012849a8"
373,"53be4f90fda2272f69512f95ade48f92"
374,"1d02914404ef64bdd2e82880a32099e4"
375,"82c37bb5d956cb35ce0b9a82e6b8efee"
376,"601aa092f39caa48b46c0d3c793a1647"
378,"92a76a80faf7b8525eafbc913e404b01"
380,"f370ffed106307437a19b6b8f4fa1d32"
381,"9189e432357da3059e47e79b81b5a8be"
382,"cbcb13c345d57b32ba9c337918aa2bbc"
383,"64a7d0ac8623726f19eef742d2385c51"
384,"d7b04a98812b7c4ab5c1b516b54499d3"
385,"c9c7bb977e21742f4d7b64d637c19415"
386,"1d50cad0f306ccb1ea7885c8cb1a870f"
387,"d2a144ce63a1e9ecdebf64f1b34e525e"
388,"080b0384ce25b412098a0d7d3c37aa8f"
389,"dcf9bc3c62cd90aea93eb394e7368fb3"
390,"4038296b0a51088a2b4e0d78b6eee2c2"
391,"d1d23917c1468f847e403f8ebf8dab63"
392,"a9213bf0e14cbdfdbb7b2334fea79980"
393,"5b2fb4d26a0e71f99ed37201eae075d1"
394,"c164aab1cc7ff6315d2ce93e67cecf33"
395,"9c1414d072ba1faa6a60c85b2c5b0f0b"
396,"9f66bce03bbf6b18e6369ef0ff1efd36"
397,"555d9eabd575bd5dfd168746dc02227d"
398,"7af663802ffba43664c42f2c64976562"
399,"9705ffca6655b8d7bbd38bcba1b217d7"
400,"3045bd850de6b0a06f35529b006d7949"
401,"773178a38aab9cf2b304555c53a3317e"
402,"1c51b91579b042d02c4ccfa80621adec"
403,"e3c8ec9baf6a42ef2dd90d9b821bd0af"
404,"7003842714026fccc9f1858ada11d24f"
405,"577bcc26291ba6adb71b593b2450c16c"
406,"ff7ae1875b57cfcace8fcec1fafd31c3"
407,"ff57d2bd4001e1fefcba33a0a63744b2"
408,"cc562078055cd938991c7a1949e5a032"
409,"e8c76f48fa42374bf912beeea122ae07"
410,"44758481e2ec6ea5f94c02b05c34e57c"
411,"62d09747bd01b17df41d62a936281338"
412,"d5fa4e3cea2833d9983389aa456504d5"
413,"b80620f9c6c8dee0596284bd7867e710"
414,"248b8ac1bac4fbe4b9c9205cf20f8ec7"
415,"5aaab9534b253466acb7f1a9a0b9ccf0"
416,"288c53243d9f6345e5e64de30a9f39a3"
417,"df68207fb7f594cef7dad9e5667259f0"
418,"d02e02742504bb9b37bcb1d5e229e9c1"
419,"427b78b23e7e1c41f32670a312e0f4c9"
420,"6abe20fe9cd0b4c4f630102e233eb0be"
421,"e1167733fba094a5b9172d4d4a9efcbf"
422,"79b01983a611d691110fbc1641aa6798"
423,"48dbf150c8f6ae2ea4eda06b2b3db692"
424,"e272f7b3d193ca9ea5f6cc91944059ec"
425,"aaa607200c211793331ea0551f5697f2"
426,"4ab81fee53bb57eb8ddc71d33cf71af6"
428,"f684dd14c126be8eca174300bea04669"
429,"ead2337aeb586efff8aff3b69770f713"
430,"e0c2db2613ca91508374d3252ef91684"
431,"8412a4efa4000623aba5b72fb192faec"
432,"40a9af8ab5323e8277af288b5eca79ce"
433,"e34b6734f7dbb83a2be1c154d323ffcc"
434,"2de51e1f667db8b7dcd59d0c4395302b"
435,"a0e09bb2b7cc5bf037d89e572841a1cf"
436,"6f83efad14e579b6d4526922dcbdf5b8"
437,"254aa5bf00e90b708c6a55f136e4aae1"
438,"387a2cde2b02708994aed744f1836a4d"
439,"d03331672af84dffa9b0e12d66b8e254"
440,"b8e7cbe88507ce6ffcb67fdc10353f17"
441,"84f1dd147f7373326fccb6e28189ee94"
442,"145688e9bd30f859bb3a68db9320f1b5"
443,"f85b292459b56f565c159e9aa646b257"
444,"7520e152763633cbd28725652a738d62"
445,"80659bfa7485e24e3913ff6231a53c28"
446,"3964185f1aaad5b7148d71061f66e11f"
447,"64f5db19d2cd9a53b07066d08a457227"
448,"facd280a72aff8aeb268219216ec3659"
449,"4a2eae082dc1af94388ef6dd614b715a"
450,"b5ac6f79311d77bc25872946c51d6630"
451,"229f1140701e0aad6e5591e9afa49f0a"
452,"161d30c936c023a2096ad53133c02908"
453,"07bd99ac01295339cc24d93da7a73a19"
454,"f2ce8e927984e27dcfa014a5802e2af1"
455,"eb6f8c6ae139a4dc0b358e3dc09450f5"
456,"b74bda6d61809796401cb0a37b63d38c"
457,"c68b8c130a5b3405c7c2a7b5f0d495af"
458,"708fb9855d6b8c437ef0321224e5640d"
459,"b9e94b68ffc322764855e19b4d5e5310"
460,"37e62e8ce8a569a1e77d3f08a68310b0"
461,"6e0d8416a4c3aa4c45a022aeaefcfe9a"
463,"b75347b38232a82ce245078e09d9f456"
464,"7a2d4b10268e2a0090dca67288ce8439"
465,"fd77a4081c02bbeaed3795b78e1e514e"
466,"07b7f4c72ee1e4fa7f40e55e34bcc1f5"
467,"23eba8d8f0fa033bc0d824d9a4888a67"
468,"139bf578d9795eb805799a8d25966ab7"
469,"8509c9fc14615d8e02b2d0d0a357b7b1"
470,"02f528c2f3036dec924b1b47b0d24d9a"
471,"1b85f791fb3a674ecd1396f09fcc00ad"
472,"69e7c6e03a79b0a7a37fbe0fb5bb094b"
474,"67592203d142ea3262594bb111266616"
475,"39f04e30985a7eaa838f9b6fa836094e"
476,"feaa57eadc1742f92a54fb41e31d0b35"
477,"2e3dd4563267bb9e9bff9e02d165a722"
478,"07fd33c46c389ecc982182a5c3b3b4ec"
479,"c1560ef97475cb1f83b610f4a2f9325f"
480,"06349ae8b486fc84371e9563557691e3"
481,"22872e2c3526a962dff887d63d1dcd65"
482,"f5f4e526244d4733d1d0c54b758f0d4f"
490,"4a801f113189184e6707eec277eb21d3"
491,"61b59e1b5668ed3899a9b0926e51adc4"
492,"beec0ae8b620b6b3cc2fa12db22610d1"
493,"59dde5d40d10e0f5ee6685568663a6a0"
494,"4ec3e418fd080d365d7a09dc986b893a"
495,"17cd4c5a3478ebdc9de5849229fc65ae"
496,"5f0a5bd61f7f39c3f1e48cfe0f1228ff"
497,"e26359f1094ac32cc747515ee345d5d5"
498,"74754af770697dcdc5c6e88061688ef1"
499,"19021cd6b76bf302db6f53c891d36649"
500,"b9113bdecaa9e70d9c097639075b9c3e"
504,"924f0d80546c7f0b0b48aaf389e1436b"
505,"bb5ac04e768a8d579eca3c334aab32cb"
506,"1252c4a28bf1716ac4e94269bdb66b10"
507,"37f8fd863357f3c76701c076e892f450"
508,"873024036e6e97e9598906a2f6a3df05"
509,"5745ff5bcf04ee77733e2ff73d9f0a1a"
510,"132af43db1b74c61ee847f3556319b97"
511,"30d7d442ceb9da1d225cd8590e3d6646"
512,"e5c9493321a783f5a8804a9fa440a88c"
513,"0e31176cfc9d71a427b8389ad4d23686"
514,"475c3407e34037be53b9ba2d710097ef"
515,"e2e5894e60080817f129665fb29e731f"
516,"b93e63b37089f209ccc5a1de375a7d36"
517,"02a144de6179c8ca2b96363f40219e04"
518,"4e6789f15bbb8021d992a8bbda8fc09b"
520,"a0f40a12ee90756d99f476b8dba53070"
521,"4d3d91657624fdee76d2525ca35d6006"
522,"7abb6f8bd5288cc746ba2ccbadcd46db"
523,"bfff5566baf0b3e33e799efbf026e4b4"
524,"4756e35bcda4fa132edfab7b94ad6c58"
525,"3bf1d87fdf11285c7b5239ae652229b0"
526,"be7389affd7acf890c5d9eca3928512f"
527,"0ae898589d569b3337d522642723fb09"
528,"ea6d2d80f12031a8baa267fba9216eba"
529,"4e82c690a49d644ad22f0c3a4e890394"
530,"88bbee8cb66fd4b97c4d96f66eecfeef"
531,"10d39e4430352ec842fc427db3c0a8be"
532,"23c7fd072f10fbd742867930359d8dfd"
533,"451aab0f501dc5f7b6b1d43a0deb69b7"
534,"656b62a6a03f01785305477175739fd2"
535,"c3f11f709ad4935afa60bc35f9ffb262"
536,"06ea55ba443fd9252c6c4d95f6a2b63f"
537,"ab504e8e28e544bc3c7ef1af2cf0d5cc"
538,"22654d832a16ee110779a546222e2eb7"
539,"761049931212da35456276564228d55d"
540,"c265c7612abe0ee690d9c3520f09e1d9"
541,"820fb12414c1103e919f18aa10a6988d"
542,"f59c8a91d0b80cbd59179c1664a22547"
543,"476b379c46a051bbf6dc2103d015901c"
544,"927b1c7808b6235c2821ca371e523fc4"
545,"c526e3e5242eea70ba3e2fad6b9a5970"
546,"9f73d44e14bafbef7ca54adf88f7d426"
547,"5e58f4f1639e3cb925b3aa005022e228"
548,"157daf913ff5c9cc048d2b5dd98c1988"
549,"1a40768b2d2c7b5c250cbb71da4404d4"
550,"948279c5c31e133225820d1074137754"
551,"00eb69092dec4a0d921aecb9d38af432"
552,"04b2b5fb44e69e8c0602f9434ff0968d"
553,"75a0de2391f353f43e7c541dda167626"
554,"40a9fb5b382593b7ff021e42b3b9142d"
555,"1c059e9e45ea20e1eb454fdf7105a5d5"
556,"d0352c453c9fd836c1355d86b294773c"
557,"27b2a1a3349268b64cc238075b4e84e8"
558,"7dc213c7d69fe6e46f50ca3b737ce413"
559,"9c6b2990ecc5875ba159d7813e418361"
560,"dad148e0fc1eb2d57eb9d1e29c755781"
561,"eff3fed8706dd09aa27ee9c522b7f28f"
562,"551913f598a5f119f24e32404e64e940"
563,"f30899a2bae34ebbe3467c43d05b285b"
564,"ad919efc13611d2f9857c9168ddd6d0c"
565,"317446fc47dc16f8eb5e81f4582a836f"
566,"412c29138259d10ddc22eddb7cd593e1"
567,"b291af2a0c02127b06ddacf0d21d8b18"
568,"0466f88d3a8ad8b375f72d7c1dd1ae97"
569,"f13fc3a9089abaa56b4f7d186f6a280d"
570,"a32084f842c0206257d06337ab3f407e"
572,"7de76e95982bff8c8a642286501b5dcc"
573,"5b845d9884e688a84b5cb25328d052f8"
574,"1fd69cdda99d8f8429678e110aadeefb"
575,"dc080d39916121f069b9e43387c8844c"
576,"9d0df3aa2d440d01d71a5c14ee9b3f9c"
577,"7d38b1e88a64b18165c2e6f06112c2ee"
578,"a97c8bfc2253ecc817c7b45eef308705"
579,"b22612268e6edd5ac1e4d29705dbac1d"
580,"d7842681c4acae503457656920d5ab20"
581,"370e93eb228b35a8fa17150d69fe7c15"
582,"b5fbe6f31c1cdf86abd4589d1270658f"
583,"1006939fbec90dbce0e4f4e317aae3e3"
584,"8c6f24a7c360b654c4ee6187e77ef51f"
585,"103546f340f699ea57174a2332dbced6"
586,"ec420b1a001eca65a8751bc5b0f80735"
587,"1b7d7de0370062ef2af9565389fc3398"
588,"5eb804e9365de0ba27079602f557c96a"
589,"f2b8eb4cb337b8dc326d9d598a53acd9"
590,"1d73ce9fee3e2cef94c04f7d48b0859e"
591,"546f5cdbbef9b370e273b4d59733ada9"
592,"b54fbd50122cd6f8339a975935c58f49"
593,"1da584afb699cebc73af15fe1eb34238"
594,"ce1a305cfca3a6d2e3c92e8a919edd7c"
595,"2eea5986b70f94e7ca983f4753152b7f"
596,"3e807de8e633aa89786e638690a3aab5"
597,"05c8740668e8e3b220b29d3420a84cf9"
598,"6e9b982efa15a7c6336efe2aa9029017"
599,"9ac4d46666c0260bbc01c6a8a8f00b4a"
600,"58d2daac6997fff05b107faf21953cab"
601,"48f7a8e0cedb19707869b2f99804fe40"
602,"be97f120312061a1c07706b633e12b1d"
603,"8f734dfa1922079c7411a33b1416738f"
604,"c3b9883c7a0095503f9cb68d0898b5c5"
605,"b2b8679fd3183b57612123d5d2b28012"
606,"66cfd353830e2acafbfd0241722c0c95"
607,"bdbc1789ca53be2439f0b54f18892375"
608,"d52d76d62e23fb69f09762d5fe2a8592"
610,"b15cfd46ec80dbdf6f953e6a6618b39e"
611,"09035364c50aaafa4765453936945d88"
612,"850a4466dfb6a7dab4779840d07733a7"
613,"d9b3fb1430501fcdca0a3bc024f95e65"
614,"d2daa74cf4daf6fc15705d665821c80f"
615,"37dd6cfc01edb5227af1f3a624725347"
616,"81c5d00aefc56268f022db46c81e1e67"
617,"b490edf0260aa53af72460c4e63497cd"
618,"f3a7df0ffff53adccd9a7ea1ca0e21f3"
619,"276b0a05e69d91348547982adb520caf"
620,"6f15688da7722403925265bbe5b741a4"
621,"98f9235be438c785a2f3c5d809345b12"
622,"60f74784b1e3d2c00fd8ddf5325cbd7f"
623,"f50db852cac9297521c38ef38c20dbe9"
624,"5dc2dac25504f5d7c320425c8eb89bfe"
625,"98aad9fd546702a912c02642a9e27522"
626,"38d08cf854a5a033554d02e4f748ec4e"
627,"069075840cdc95296863ef1059dd276f"
628,"adac734f449e24e7831d09e94ac7ba34"
629,"bb14dbcf2f4edf39a8e299ae5060b6c3"
630,"a2f2da092660ea577f6c819d7620ab8d"
631,"d65af8d33d11c9f3fc82d6595c724acc"
632,"58e2ce57392efc1af9bc71262db82455"
633,"242ecc67eebb771ee63c82121d48edd7"
634,"855d49e6b366874e2ab067710e51e5f1"
635,"9a7c05dcaaf96d1465a74e87b0604aa7"
636,"d91bfa1d94d641051f1ee956bc680f4e"
637,"bb110f9c30e2c1253543c93d5d8d7b9e"
638,"84db6de787bd35633af4c082d5fd19d2"
639,"df68188083b90657605b5a16c0a94f8f"
640,"cb594eabb93bfbcfa7516c4ebcd15dd3"
641,"0a28c1ddfaa83020118fc1e371fa3f7e"
642,"b8f8047e62309adb129dd33764ce8b0a"
643,"9a51e7b683a5567b0cc0fe7c1241ede6"
644,"ac9c3c23e585c9e53aeb948360d68afb"
645,"2af07013bbe95038f0ec7d706a7ff4e1"
646,"9a6604b6a931b2d8c7e8479980651fc5"
647,"fb884f81386982c98d5e15562e600a5c"
648,"cb0915ae3e6e2bc1753ce1faeaf9350a"
649,"d292807804ab57258025ce6f79db8546"
650,"d823ad2afc9622b7e8e355c7177637a3"
651,"8a2a032dbf2bc5b272d5f9395d14d785"
652,"c356dd8d1fd31f9f1918d8655ec026a7"
653,"be0f9fdae6d6695f58ca3c834b21143f"
654,"9a332800bcf2a5827e6b225ac172bbe6"
655,"f3098fd1b020ef83aa54b27c5c06d0b6"
656,"09f4c38f2600b1ac916499f3b415e47b"
657,"06a469cbb59bdbc6de790eb13b021426"
658,"821706afda769c8a6e43f90a2ac2c82c"
659,"43a34c26374eeaf75bb57cccad7cc090"
660,"dd57e1e5615cfafd079374cc34f2902e"
661,"84523f31d37bedc4e01a0a3be605bb83"
662,"fb99b884b3c54e299d59c1d8f2642bca"
663,"2f6f3fd5bd17e69cb22d68718adfe739"
664,"825d20e0cccef4c129ddae5858496ac6"
665,"438f7c45766cb2ffd0df1794b97db667"
666,"572636507febb5abc98f170489c3aad2"
667,"c54996f0859a6118b6f45efab750dbae"
668,"ee5d39c848b979c14db2d1c3b1c501cf"
669,"258fa142a49b7577857f6654975bc53b"
670,"548a7b179de88fe2c4fcb66e04d1bd9e"
671,"4b7e732cbb4a36d62a3fddf3ea654f36"
672,"4fa36ebfac1bf30bc9c69e3d4355428d"
673,"b08b4ad248991b28e55a5f60226d7a5c"
674,"5f0b5e49b814346a7296bf9dcc1a7b6c"
675,"ba1dcd317c777e79d4249e8fda7ea433"
676,"4a69f3490299989dc19db609bf6968d9"
677,"c79aaf55f3ad5658ab630a1cce8ae9f7"
683,"d2e4067e600eb16fe8df215521a8ef95"
684,"d5c636410b606bdd959023660d675e52"
685,"82411b624efcae5e43820887f43c194d"
686,"a49c400548ca33b33f1c37e5963a3690"
687,"765b7fb62af2b164f2b37d2e8b3d9fc0"
689,"5726ee21166e92e23fa6a8afbdb36828"
690,"80f49289dceb554e67a409d62e1627ae"
691,"0326c4b7af51159a14387cc48565ac50"
692,"e21eb532179d89e695d8c0335373fd74"
693,"843c8f3a2663415b66bddad3b7f5f63b"
694,"e04d50ed7a6b71ed23989eeaadc3675b"
695,"f63f1d1c1c2663bd0b81a096adfc769e"
696,"8bab6c45407cc7f1086b71e57867b4c4"
697,"dfc4a46c24e5ae36ad64fb5282baa502"
698,"12d503cf018024829ebc862605e98288"
699,"b4f4efd4451b0a85b55b08fdf5623919"
700,"e9d88e2c654efaa90cc67be1b4a379e3"
701,"d8c6dd3a741499c3a488a8f8e00b804d"
702,"078ecfb2ad284ffd6e2eec8f31cfc06c"
703,"b7f578c9e97afd5ab7edc2a85ee16818"
704,"478493094593e543c6093d99705f269e"
705,"28de1129c722f6eebdf55cd7a2e27b25"
706,"247bd626d143921401fa6d9a394d171e"
707,"340ad8ba91cac31e44e0947aedeb8c5d"
708,"43d2a73d8c7cf48f1cc69bfcffac5fe0"
709,"ac8f7ad12d4e465d5ef111c551c94550"
710,"ab445b43ec1f82ffba8c80e93b770e5b"
711,"1669a5f5c9390d494169e20748e65910"
712,"a34e5a89ee8c01bb9fb58127b5c691b3"
713,"4e9e2858c73f90575bed0f1b6c192177"
714,"9bc09b2027a32e2b30aaae78f9268b2b"
715,"cd219f74a9f10fbcd0de39b2ae0b69e9"
716,"05f530b369074f0efd4525e304773fbe"
717,"bfaab2058f7ab747bf80711ce7afabc2"
718,"cf0845084f33d596c8e3899b1861813b"
719,"eef25f043190385d0e68a02b168a7b5e"
720,"a94dc4ef04bb69044e9dd0e6c75a5cf0"
721,"1820777d68fd72e87ded1a464836bf73"
722,"3d58e2dd29fc5363a3ef9a3692924a3d"
723,"3871a92d475d9d693d48abf88aa67e40"
724,"b98846577a211b774aff028e6016c19f"
725,"05b3d5a72b3550281692b13f52c0816b"
726,"f4232d20e9e00608fd2675a67fba3800"
727,"faeea92d2b4bdac96ebb600689f707ca"
728,"18fc617426c83ad013271b8933892f7d"
729,"bfef26b1439ebb32e9c01157b870b265"
730,"1021a78e4b5427532deaa5a39e57a622"
731,"6c87a90ae95d4c2fd73b5e7c0eb7c640"
732,"07ca23a941082bf14f7312f0b4ca7690"
733,"1b2aa7e7f7fc8d02e268634b0156c5c1"
734,"a168a05199cb1d23f9b276444574ddaa"
735,"f573a9a59ee5ad6579d2f5d19120733a"
736,"15f8c9cdfff1d22feeee80a2ff7fe2d0"
737,"10a63c6221f18f734084c2d2ae8d0ca0"
738,"7293ec6f8acb674fda7233d66f9104ed"
739,"8d437eef32c16a1aa16ac744319ec49c"
740,"222efec245b0ab1f3ea187bd1e2eddb2"
741,"c6625d7d708e87b422f55f1c88d838cd"
742,"ec58423513873a0288245a29ced58f29"
743,"869f99a474a715a721c16e497df8a6c3"
744,"34e5068b93269e6ab9090863e271a5e0"
745,"4915106a667fd87479148934aff75fb6"
746,"0feb6fa1fdb184deb4cdb38c9d8a0fce"
747,"9b41d96d796fc4ac20de63da1d34c4e8"
748,"6e9c225cf0ed5c094f8318414af4c7e9"
749,"c2e23c853e2f0fc909b2de9ef3408d56"
750,"a0f661c11244926320a65e39dff8597c"
751,"9fbf4cf64059edfc99d85ad58d7d87a7"
752,"ff1b49dfcaa265a15d6bb86c2c7a310e"
753,"d5a006807ca0f2e294a8e1083fe8d252"
754,"d9db798624d8128e3cdde1717c01c6c1"
755,"e339c6163a09543e395f2c0284d09dfd"
756,"b0c74421cda32d3f96e33ecc249e8344"
757,"d5294abbdff711e7dc3b1e22d44e7921"
758,"59eb8bee51250a05f5374775459e4b40"
759,"7f9ab68ec07fbc86d4281b48ba4e67cf"
760,"88ab1ad1a3c5bea27fb5cfdeeb9f8daf"
761,"f0add8495df962eed764c002f65db240"
762,"ef057e3c6d514ac70e0115153db4ff6e"
763,"41065d1e56d3268b2ef1575895a6abd1"
764,"7c83a095885ac9a2c67ae5273177a29d"
765,"90036b3caef31c8f53bf3cea34a30b1d"
766,"dcd7d9f8da11865abef7bd466c7a7d58"
767,"0548ed573b4cbe5e9e6f00dddd9b9d53"
768,"55b938ee35b93bd53a8b9c454cc1485e"
769,"2e9f6998bd2315147c90e45df79c7efc"
770,"53d62436e806e6c7fc1cb13ce3ff73e7"
771,"03fda930cdecde8516555645d26eb5a2"
772,"1dc9dc361abd95b80726a7d7873c662c"
773,"3104bae8f96e2130fb805042dfaf8833"
774,"0bfae1dc966c9caaf8886e8986458d50"
775,"caa0cb53aad0bf669871f5da683c7fa5"
776,"ed42b7711d4f4d6178776b6aaa78343f"
777,"d7c8c66629010a7d0df2c00fbe10db4b"
778,"a7c7b0763441095178f455f2669605b6"
779,"48c2c3a83c06de47b4a29277f5e09828"
780,"ae6d05251e6c70f359632efb20c18877"
781,"a40722b4520298ba3d5ae8b971ba9fa9"
782,"af384a77af1d13ffae85aa304beb948a"
783,"3d2f7ba6539a83a332d9b4ac9b657d23"
784,"7e2bcb1846f547b3a3b315f001d803bb"
785,"036c494ef3b78de879ff1aba21133cb3"
786,"ecda5c98c79c3ef0e267a1d091ab2d1e"
787,"bd62ed2bf32d285c5abb4706d9c49ec9"
788,"ad27c85c7af6b4629bb9e8121f143971"
789,"85e3654a335c194a4791c8003b5d693a"
790,"971a244acfebc3e399e49d2ff89497d2"
791,"3c6ef64b48f19daf088a9f6049c31a84"
792,"c5e31f154d5f51aaabe412d127ade4a1"
793,"7402a71670ac50eb8d015dcf3395f239"
794,"b58c1edf4efea90c9ad48ac6500b64f1"
795,"47759a329c582ccc2ff43bc8b2b034df"
796,"c8b5b5a505667d12e9ba0315e750481c"
797,"f4c5b700a1e0f5ebf68f412149b585e1"
798,"bf2604230df19141385fa982a3dce8f3"
799,"55099da0bf7f23cc1a297e0977417ad0"
800,"f36804bce6ec447009efdeb85446a8bf"
801,"b00dbf2946d7ad6bdd2f6ee96155b897"
802,"76c3157382594160711f11afe5bf3954"
803,"15393bade50dbb9ee226e66af4794bee"
804,"964a539f041f943f720a125329aab0b1"
805,"398858c7e47ce3043baf42884a8e8fbb"
806,"835c85d5a4a02515d231f02c905a0f43"
807,"1a033d266c074322f5dd587f43418a0b"
808,"51fa999c57eb1a3d2f921912d3daf218"
809,"0afd4e82f6757913e641695c9891d6dd"
810,"823cce6b3c398a821e528e7883ab043b"
811,"ecc342e193fa4a8249d3927027df2a6e"
812,"4795f6221c62c78526fd8df279768a19"
813,"65fdc6c05aa2173bd0e0ce2262be10c1"
814,"b1a186bc4280a2ea700f5e43a0d1d2d8"
815,"2410453088d035e38019ae3105f8b0ea"
816,"7b17851d8c359b3454f73f407bc546d2"
817,"e316070e9cd6cdd5e689f9cc9ca4db48"
818,"2c58d14906c7952b39cf38cffbfea94f"
819,"3b6a3b98fb680afb410cb15bc7e7db6c"
820,"8dd45f19ab9b96a68e708698e6f4d697"
821,"68a77f2617cb7895f96a571bea4ff6b6"
822,"64f349536b2d0070808adc48b675df88"
823,"858b4e59ca0c492ce262ea8f62db8210"
824,"e6246cde67faa1266e1f3014960af164"
825,"0b51aca71e3e3c59f35d89484c2898ab"
827,"a9587d32ca30a75ce5787a72549042f4"
828,"aa72feb53fe61a64c088ce715a4358cc"
829,"4dfb65efb5cb62b5e3ab996e1ccc1dcc"
830,"1ace4c64e89b475db3c43ee2f4749fec"
831,"1863c5d31146e7d2c4e9973538e483dd"
832,"6ca008009722fe93cac51d473cb65d0e"
833,"ae68a3a79704ef8b5252bcd19ade8692"
834,"0d574264a77e98ac4fd2e0bf78e9aadc"
835,"282dfc3cda4b1c244d7aa946c12b44f0"
836,"aa610e1bd88fa948de52e0b6f20ab51b"
837,"a0dfca22a6c833dd374eed11f079b617"
838,"4f6c79369261d4ad2a54ec682bd41a09"
839,"649c6a24e0a86f63d524150ec7380dd1"
840,"e5f39f741710972dff35558c03a30e07"
841,"908bc469197da73d5d35bd5cd6b39618"
842,"517e1ffce174b67ff5ae1f759c22d97c"
843,"5977705e9cd6e676d0efef31abf4ed79"
844,"d4be7dc65a2bc29ca269d02a85c9d8ab"
845,"c4833ed8cad2f7c15980ba1e0aad1d81"
846,"8f342d09ea843ae7c6fcfdb47f88a2f4"
847,"d09b6f8917adfc299b59e939b008fc1c"
848,"74166a642de8f40c7b5a1b571840206c"
849,"33473334d85f7ce2ead9bdecd68ceb9b"
850,"4a14050f2d5b149f6580c0c6714774a1"
851,"d23c4ab2894a444cf6652dbdf8efc362"
852,"cabff30bf39a74a093351bab9db05bcf"
853,"1638678c4500a1eec83ebf7046f6848c"
854,"834b4159c9b3517554cf2906fe5b5aec"
855,"8dff75fe47095c1d6951becef6933199"
856,"14c68c16d133d117400706fcb4042be9"
857,"96e12a11fc9c43e20cc2afd0436fc3a6"
858,"5715d04772c4f6380efc07fb8481d409"
859,"022b077323f945f65e9459a68a2ab724"
860,"cf929ed3e67341ab4298a09c5bba7c1b"
861,"8178355b671107e6a87e3c60ec47f31b"
862,"86a5b286fd411297ec15fff5d06ac860"
863,"9cbc4fabf5890b3e3417223d23511962"
864,"ba9def84f71d136c608028972a5b4882"
865,"93548dadf3e0c02894dd7100cc1e7069"
866,"b35e67ef4fdbde8898018edb8592d2fa"
867,"46b29e567f6ad943d3f1a668bb8baa87"
868,"4bfed835897dc46f041f7c0cc3c1d477"
869,"7cefb11cd7efe90e220dfa1e49cfcfb8"
870,"27ab93e8cd6469e8c0269ab8152bf6f3"
871,"2c9b7a5d1c73138485f3afd69c59f725"
872,"3eaec08a66f7f6657ae184e5eecc93f9"
873,"e4cd6a0763681b76624c559c95f7d2e6"
874,"00878aa16ca9b27c30cc9f8ecd9e47fa"
875,"52bc14409c27534a6057cc1cd52c94d4"
876,"aaf644e322c1c3cd5d515c7fe6f54e04"
877,"07f4a9c37c4cf86162323fec00e6cd4c"
878,"0bd7ff97b6b0420aac15d2ac49453f6b"
879,"9d23f4a0bc176fa1a2ee6d16133c9f6f"
880,"6c286a1d86e47e014de961e2a2fa1b88"
881,"e814b1a339e9804edbae9c3afc52241d"
882,"48fd7a2fae0ebe1d43f9dc4ca294a753"
883,"9a034a7e0e7ae76c85cc8007e819e833"
884,"306a8eb6f0b6c40f00e42bc6e8b81bfd"
885,"7a25e7872707497ea70aef4c69b94c51"
886,"a80992909e8161187ba5e4d149cde1e3"
887,"0856101cf05f79e31fbbc15cf8591bda"
888,"574f4b1c597dfcf09a3d5368cbae3d76"
889,"c122b67e452946ff78338aec34fa2265"
890,"1fd4ab335301fa37ddf05338f5342d0f"
891,"de6e1a1a443a8154b48f993d044ba58b"
892,"cd8182a215f08ac673b19a8891b95c9e"
893,"0dbf283fe00cb8b59615c17b8b3f5c04"
894,"3c631304703111ff5204f3b378ac0aeb"
895,"1285c4a51b3ebf4ed05b31ab1fd26ce7"
896,"de8fa2e8de68cba757f805359424f559"
897,"347cff222ec25d82bfc1d068cfa9c94a"
898,"533706be4b12aab7e6bccdbcdf6bef1c"
899,"fcb3d779f2da21f28c3416583dd6d064"
900,"716d9dd4e5456a56fca7855530ec987d"
901,"b3668bd08b3d3aeeea1ad17b87ea8c54"
902,"855799afcac73bd4ee4a610ed63cdda6"
905,"d3c0aeec1b483a6abd5722a933e61b7a"
906,"8a2a42f2d3b023eee0a9ef8933c8a485"
907,"082e3a917499f97832f93d0046fdc851"
908,"d43bd9fbe742e2968cb4934eb5b540a0"
909,"fd0488fb14a1c62db07a9b5afa25de50"
910,"089939c58989727c454dca30cdb3f8c7"
911,"577184f888dce8eb41af78d058145557"
913,"1cbecad2220a43fcd1add70167849ee5"
914,"c72e26d3845e7589c8ae9aa90ae77667"
915,"7387abb1df277581c6d6e94ddf938419"
916,"087b820d0ba37df72dd409cc62236ceb"
917,"4cff48dd02b95bd9397d3cc76fc32f7e"
918,"3f51b6ee1ac7618edc1174ed11fb31c3"
919,"8922f3eb21b100d94869239bbafad239"
920,"7686de3b0e7fce673a2b8e6fd2a77189"
921,"4b29f051539fe375a1b38db513019894"
922,"2d0ee720a1503bd64149e1fd5e0fbf62"
923,"f005378f52a8c36235d066ea70ce7707"
924,"7589fcc7e4d617030025ec972cc62da3"
925,"5208169422e63839b368500062658537"
926,"dce3c0d4c248b8fbb43674d63a4bc4bc"
927,"98bfc447c9b31725d0e96741e32bee5f"
928,"ab3fac764c8451d22ef0cfd9a5d98927"
929,"d40679bb73aa5748937454320b1838b1"
930,"4197ed279da9e231a2779838ebd99a4c"
931,"d394816a574cc3d8c20d784859a07e63"
933,"0b96650c69c31ddd068d0521f87f94f5"
935,"93520853399eff900e661154327359fe"
936,"9687614a3555da43a6893985a1f1187f"
937,"217324aa649ff6350965b4062482d240"
938,"ea28be2be352ff5a64abd7bd39468038"
939,"be0756404ee87d1246381dfb427873b2"
940,"3f03ea1741aa900688fb0c22c8e36ac0"
941,"1d974033d5117e7ac64ce6d2bb972be1"
942,"f286d2fec5bf90828612c8e269618c6f"
945,"d87f157b5fc5f5d57a3bb70711f3f79c"
946,"febe7999397deac4870483c9e1ceee4b"
947,"9513f8fec1d1552dcee52f3a866aa0b1"
948,"62c7eb29af7f2cba4844f8e199c6649a"
949,"c7c199d0520fa4329e14f9a083ac5207"
950,"74f9c30938900e858fd0bae5bf4b8a17"
951,"25722d28b6188811f269d49e9ca4495f"
952,"9492b6a8ad505850f6128e43c75f37b0"
953,"64885ad418fc2e3b0931b484d8f3e2d3"
954,"5ea1914077a30d7d9e7f7c702a5d2dba"
955,"2775761d41c03fd195a38bbb0597e0ae"
957,"b6b541e8c8aefad44f9bfe04a7fa963a"
958,"1dd0b04ca49cd2180c9157e4be936885"
962,"b7e824329cda66a147b2712d74c0b37e"
963,"4a621e15c6cec48357d43d691d18ff31"
964,"310a60095d57b02afb7d3d7ff1b14e15"
965,"9c7331c203f32a4cd3a531ed03cb62c1"
966,"372edc5293acfb609a5c5250d2f5c1ff"
967,"c9aa8f99e8209aee0f71fb7251023286"
968,"96890077ca2ea92ec4e205402998d8dc"
969,"d9af5335fdae2b97ef2896449703896a"
970,"66345c5d0c59c070fd116bd3b8c554af"
971,"2616605271e07d6dfc505d27851a809b"
972,"7bffc7c309c9e5d66bc59526d663a9b7"
973,"4c34e1eea14fca6209e71acd8e70d6b5"
974,"d97b08f290d07e7562932160bf1e81cc"
975,"d8d0442be92ba61afe45ead833b85dc0"
976,"1687bb7c879d641e65f15bddccdc22d3"
977,"7e55dad562637999ecb1ac17bed26127"
978,"582e92dead17d88415c5519e5967fa01"
979,"e5b4e4674bf1d0ace41b3cd1d376b2e3"
980,"b4e364c4dc306ca14216e6b52b14405f"
981,"3af81c4d0caf152e03c90db5cc771628"
982,"36bb513c2b8da7aee0f8b6f4e42e70ee"
983,"d68d313ff5da51d59e5ae7735c1d87c7"
984,"dc0e6e34bfe23279039851248371d8be"
985,"28c6c1549bb1d177d3f5f4af24f7c060"
986,"13ad5d13bf4a1836faa165162a69d914"
987,"12fd657ab281d9a7643a9d5f74a4ca7a"
988,"e79daeffad94c98230ce9950b2cd62f4"
989,"a339867171bcf8c8edc5690f2e969eaa"
990,"54e4fac2e8580509e7c084e3fe5294ff"
991,"3480893445b663f9a0a9b018e083a165"
992,"7078694a979a64fa0b9a57d31a54f8a4"
993,"65570ae6f8c2f5ccfdda4029be091fca"
994,"41db85fb6818f8d2501c34e7f63073e9"
995,"c0c65839fc7bda491e0e89ed78932f84"
996,"4356c0212c37dc5d4a0407f6057f03b9"
997,"ce81d2d01c354f92da7a490c6814ee8d"
998,"ed58efba5809bccfa62814ed0188bbe1"
999,"1c2166943aab04a92d040151931cf21e"
1000,"751c12aaa840b47376499a69c2beadec"
1001,"da774cf7d70114817f454d257177f1dc"
1002,"7bebc01d3c669e18579cd166fbec9b20"
1003,"72fbd114db1fdf3797a57c307ae633ca"
1004,"0718e337ce4bef6be6da262b84e97bc3"
1005,"c5c3ff96b8ced14b5a5c8c8503c2ff32"
1006,"147cce3dd64273729ab271e4b157c5f0"
1007,"99b7b3d9e43252ed07ddd22f066127c7"
1008,"ac7667ed33caa21fb9e621f062895c33"
1009,"76cfc45fc4f2fb68e60561a8338565d6"
1010,"3d603c5761c31341b2eea8dcb8f3219f"
1011,"13f36556ce7bf8af46ac7b94c9863e6b"
1012,"ba367120a4d1500b6771595db263c948"
1013,"2e44566231decf7ee5327f4a1a9612c7"
1014,"238550b0756d2c19c3114b097334ecfd"
1015,"63d860b9c9f13344cd6167a7c18d6345"
1016,"9ab3c9e84f8b66bcff2b0762287d4ad4"
1017,"25d454d46dac1cce5d8a72ce72b7220e"
1018,"bd52b80530cc132e9a9cc7cc1d01cdfc"
1019,"b8f592a1dbaeff94f64c07434ac4e5ba"
1020,"a47d51ad8dd00cff1e25cc73bc33d543"
1021,"335490f55888408ee4c745ef9854cc0e"
1022,"348bc3f464beab273a46051a51787287"
1023,"d66c3513cbcbae050be5d156a9bea362"
1024,"c225c31261ea0f62107fa42943ef24ce"
1025,"30de486c5afe057fb7708fa89197cbbe"
1026,"0ba1434040f33a82cbde211241bf0279"
1027,"2edbc7627c2d5ab2cfcb768154dd1310"
1029,"71319c458a15350ed6fb3e41132f1ffd"
1030,"a41d1fc7b233530cb33263395f803fd5"
1031,"773dd5754a45c02b2521638625e17b7f"
1035,"6fcfc4e53d80f310d5245e0586ef7ebd"
1036,"861f895c84c3f78ad8895c1d75c7b590"
1037,"6b7511e1594740058c77d0772ba554e3"
1038,"708edfcd4bf96cbf2fce6e5d62968fa3"
1039,"14b7d7449decea4fa34cf1804bebd313"
1040,"efcbf247105f8c2ff9987a777c714f7a"
1041,"3c967893b873803bd31e33823991d1f7"
1043,"09e7d3677e1d4208c2c3b14d14c7c212"
1045,"bb60ac934c9a0d84d7534610c6472dec"
1046,"b5344cee2c0282b7faed94e9f007469f"
1047,"1dc47b64cde53cd50259a57dcff29eb9"
1049,"4f9eb129a8d407d9a0cada84d88d9c85"
1050,"a0a6bf02195bfeea6da5ff714d9ffd61"
1051,"2cc8508d36b155be1ccef4b398993402"
1052,"d182e6f6d073bdcaa9274b9a6149abdb"
1053,"a68286623693c921c3f30b9a8af42261"
1054,"7db1c845fa961d892c72c9c74f459641"
1055,"0a99e85db9cd3cc9c39e8a1c32be511d"
1056,"3c888d2daaf8d1c4caf26b0f663a5e95"
1057,"8bb8ea45279f284d5f6c8e4599caed69"
1058,"35f67bef631ca4964c9ed37ceb8ba307"
1059,"0baa3fc59607b4a91ec094beb49dcd92"
1060,"c8cccd25924a2ba71bb31e7d813bb828"
1061,"ab0c40611ea016daaf2cdfff89d5876b"
1062,"d760a3bc55d2787b1033e35808f4db0b"
1063,"f2bde7d894911d5f5398ffaa4f10e1ef"
1064,"8f4c3c539f982e325e1891ebbebb8f4a"
1065,"3717f214476cd1ecafc62515a7cb3641"
1066,"f80e5f388e6ed2d68cc1615c43d5d893"
1067,"43aec8642a83bda08ace440f870ec52e"
1068,"63d1a4583fc3b724e6e39c13c5d9c53b"
1069,"b16e4ba5611db2acbbc913bc1f861838"
1070,"84ba6bbd827d9e5e2021ed36c75a6ac6"
1071,"234608e4744f953c5bb99a068c88d486"
1072,"92ad05817c632677d08819f380827645"
1073,"59750d370cb4a1fcf067fbd5817a85ac"
1074,"2b1cc40af2ac70fcbb878c5e9c6bc061"
1075,"f9f01f7d73f125e27cb9c479a3e8f0b3"
1076,"8828b3cce0e42d8565a0877cb93794c5"
1077,"feaa61abed1013fab11d453a0897db78"
1078,"ac3636a58c796c392d76ec3f4604ab63"
1079,"428ad9264f3af97148218dae8384c58b"
1080,"b6c2cf3cef92143b9f48ea6d08311c38"
1081,"440da97dfe05cf11eef67fddf44d750a"
1082,"ac8256c8cae75e04fbf20d679ba6f0c9"
1083,"60f98269d660b7f1d81132d280433e55"
1084,"f198e2cc69b573bf3ca11a244674402d"
1085,"741c54b79949f67e6a45ee4367d7bce0"
1086,"bad80302da83253bb09be239ba021364"
1087,"e930b1c31e29bef16f1461222591c93a"
1088,"447d6bd8fba174b2c174c215ee0880d4"
1089,"b249caf7db450fa878bf0a8c4b572a85"
1090,"ccb7f0f61bd517eef884429c2e48f532"
1091,"b4208ec176bd531bbbd7c98f8f4fff7c"
1092,"ccb6d68e987e4f0183c4e11e80775252"
1093,"af49e80b21e0117619a5a270bfa27d71"
1094,"5826dbabb78e60121bda1af1cfb8e7cf"
1095,"6744256332f2683b7d26e73abed5beb3"
1096,"e542a890884d914f4886271779af9109"
1097,"b8d7dbcd23987e5194b95f6227716b33"
1098,"21daca7afbe9f9426a596e6b9e799198"
1099,"8c1295725dd2e11b6622cab7f4ed06ce"
1100,"c57a8e60af5cd80aee8444dbdd9dadb1"
1102,"a68c7f3f76ce6fcbd54194525f55d326"
1103,"534bb80d0dd1389dadc9ce7d860ec587"
1104,"f40f695a8cf5c9ba96eda347637f6b31"
1105,"64f039e1d79c2092f4b3fbae4ef6ea10"
1106,"32697fcec08ae60be6c071aa7bd4ade3"
1107,"77786fb2116f83f3f2b1a230320c44fa"
1108,"25e3145f94a04e1f82dad3520e7b5a64"
1109,"d1fbea63b0359ae19d6709245c3a1034"
1110,"e8210e29f429edf4048811de298bd33f"
1111,"740cf55f7802a5793889ef4ef0a7514f"
1112,"629710ad2c489f15de6cfc43e2fd9794"
1113,"d305ee9d4e190dd979bdc6c07c936a6a"
1114,"a8471c0cd3bf14d166c8e0b1f67e7b72"
1115,"b701fc349f57b9f612c7649dd384418a"
1116,"4f75add48bc3d914ea9e01a46af78d99"
1117,"cbdd0b6ce820ade7656453773c486471"
1118,"5949021b4a4670c10bdc0a79dfc84635"
1119,"a00b630df3d9001d39c6ce3b971d632d"
1120,"c4413f1acc63295bf171872f354da624"
1121,"4d9cc458ad1da429cdaf92d005ae1d63"
1122,"1006d29081af39b5e4cd644d5a4e87ac"
1123,"9febd59bfc8e77b8a0b71f339bb27328"
1124,"639e50be930be3108ac011d743af8bd7"
1125,"bd6f31352ca178f7555b842e35281d73"
1126,"9a7d8b8bc5aa2e0caa661f1bc9af05e8"
1127,"7d201b4865d59f40a65b214e14046ff5"
1128,"dc5d574bfbee59051badfd2b00f17a48"
1129,"38c906f98e425f503a8fdf7845859427"
1130,"3b1495c7a66ce39324459ac203ebee9d"
1131,"9e4d27a5b5df44d0e1dcef4e113dbff2"
1132,"880b6f01914582b832d9d58a1d1779b4"
1133,"4d3e548e66e2fda80c18258981bf3fc7"
1134,"8b96fe1ea7a1480818ddc17a54656160"
1135,"4718ddf6aa4b370ca162582f31592c20"
1136,"b63a1b02d9970e4f756561a9a86fce3e"
1137,"e3130d8f98f0e9a51ffb7a40052abfd7"
1138,"086563646e203a2e9b21becd121358d2"
1139,"e458d7ac7795c2fb666407aff62fa481"
1140,"f8648fab7d33c50088e15b1753008109"
1141,"1dfc73495e76c45cb875c7040ae383a0"
1142,"a7349a6889302b27208fecc1ba584207"
1143,"0ba159af14158ec6c318f2a7d8ee3729"
1144,"0e11f5bc247d4d0fa44a9f8da927d910"
1145,"463c69b51c4ebb50171a2017f1c1bf6e"
1146,"721a77577317278008af0229f9664a21"
1148,"9cc113cb01feeb91ac502b3e821ae1d1"
1149,"4f69a0fee494b03d17538d6048a7d0ca"
1150,"2546b7916c526ad351c23bc0c3cc8287"
1151,"2e469fde02afe92470c63434e79db5c4"
1152,"92240e624b935b568d7a2a1229e3d957"
1153,"d0010ea8e2fe200582549b13cd363911"
1154,"7d9cbba18f8111d22b4806c29e3b3555"
1155,"7173e4d39adb799b88af57ee4ff60107"
1156,"620ff24e87849b1e5316060e61a4c9bf"
1157,"26d807e01f9994ef1eef60ec6f86251f"
1158,"12ba694394c2a1d4e2783fafe1cddad6"
1159,"22d99708c1294e212da99b2f00b0b370"
1160,"5fe2c24675672e77784a0818139e3020"
1161,"2d3dcb974641d08f0978e18a9e4e2056"
1162,"76220de0aa53e222666e98d70a3a12d8"
1163,"bbd142fad42e973c2f321c0dea06f353"
1164,"8fe1fa82c6d5dab6b11c55b5671d032b"
1165,"57d9cfb78219089281342bb4e4985996"
1166,"6ed42ea2037b80a5818e00ee07b7fcf5"
1167,"0b74d1c4b3a075c94128beac443168dd"
1168,"54c0f0c33514f88a11bbf844f7a04d31"
1169,"240fe1efeaac58760738c65c18660025"
1170,"e150146c5059c10a60bc10c88864b0cb"
1171,"8e6ed27db08ed3d4f416934919c1cd5c"
1172,"82048a0bc7c81c588f56a76247954d96"
1173,"5514f29b357703fc5bdfa1a126c7e1ca"
1174,"13d21ad5c09765d928555f7017c43554"
1175,"cee5b54231ac742f7b974538d9e2b2ee"
1176,"b508a646facc2e5480e9c7e071b917cd"
1177,"9d77503fbdf7fb6d25bfa0b3570bbaba"
1178,"4be7e1eddd92ee4304030a6cdcf705db"
1179,"8db2898c63e0d48e60ed13a1648d565e"
1180,"1a6b75ab283f68911aa53bfc5cc6d1a0"
1181,"4fea58237ccfd2d9d7bff8e9230a2d2b"
1182,"c6564232249e416f14836f6840fb743d"
1183,"6831f03bb3edc032411d208eec02cb55"
1184,"32c17e245c35289ec57289eadc565f41"
1185,"f9c9c21c4dbbe8bae2ac5ef91f2a2be5"
1186,"ab0c92482ac3f89cd731d4d23bafb717"
1187,"55a7c68a188c8954f005f003c498dc1e"
1188,"3c306f8ec0ec01d28630dd3825e08bcc"
1189,"0d70fee492a9aedd8963ddfbaf3f126b"
1190,"8b536a8eb93914355da4623ecf7dfdef"
1191,"b71def0a0d612fd950ba90d019157927"
1192,"b2cb267e7281280648626b258a2ebef0"
1193,"d102aa8adac2c4539e7487fde7d12be0"
1194,"9a08c244c527499405772c678c394164"
1195,"ba5ae73b241777d5a795100f1c649114"
1196,"b05a102d512ed1ef2f2b0d219782529b"
1197,"92f5ba568b16c97f9eee9b2ea189f20d"
1198,"7608add12b74334bfa9ed968f924cc32"
1199,"8fe24fdc935d8a77abad5930051aba00"
1200,"ca09f9d02eb5671f53bc881b298e1eb9"
1201,"1b45a8701a41f58f9205eb3bb1058571"
1202,"c1447e2452b848ab8a9e56fc2067cca5"
1203,"471370601d779116b805d8d6235e6f54"
1204,"27cfe330c1db5802385ae91d1da6c494"
1205,"af1ae6ae33ad785980e1fd5671e9db4e"
1206,"45a3d5e2e96461d01e2af3a3d2181115"
1207,"d394ee4ad30a1e0d212cc9bc0c9d8a4a"
1208,"d21e38e7192c4bba665864905688ea03"
1209,"8dd1529bc0864f64a94c1db458459709"
1210,"6b4cd11ec740008646eba171176fe81b"
1211,"cbf16a4b6dfbda2567c0068f90ae3dba"
1212,"effcc60bf5315544a669b30df77f4686"
1213,"2bacda15bdd13316a311a14bb28fbda2"
1214,"a939adb06b8e58eb8a5dd9d704daa2ab"
1215,"2872d1198997cbe64c532bf68e100a7e"
1216,"60309ccce240d211de62972b82e09006"
1217,"b00670e2df91dc4a4c80b9b3bc01aaf5"
1218,"a09e5b34b554a24b6b7f04d596d09273"
1219,"34b1c008492cf73669d3ea9dc5a795eb"
1220,"c0267b79d03048787fe83d88f9904b05"
1221,"eee0605c2b515d190bcfc87ae6191bb4"
1222,"544ec6c271f84f3be39ceb68d465db23"
1223,"64b8617c4dc307ee73712d2c8f061ec0"
1224,"3ea2666024092e4e9678f619cc0684e2"
1225,"0146e409525a988b31724ac26c94d28d"
1226,"5c93439f519181dabd0302f89bde49a4"
1227,"0207775fd289be0917339ce30ee3d361"
1228,"cf06461acbd33f7274567606a0b52aac"
1229,"c144ecd52fecdf533ff210fffd408906"
1230,"1d786675f16c7ea6aab587e8a9b7e29a"
1231,"27a748f9b44eea18ee9aaa555ed0344a"
1232,"00e2159c95c7e77c0d0cc519801ad493"
1233,"6db6d436be0633b3c675525f98b5ad0b"
1234,"3d54307f6a7b253463083c5171ae40ba"
1235,"a6e59764b9e37dfdf9c209ac434e4f2f"
1236,"470726f1c7400ab6fb434a706ceb5744"
1237,"9d1b66c8bd9d07d689b01ec4d33b03d0"
1238,"ae9c76c5cfa5bcf40fa11e80f623f46e"
1239,"2650c5b2ecbdb283fd9601d40a51ae06"
1240,"e7399f59bad1191c55e46b7a4cb73fa2"
1241,"788d545805996cee6fb555a21473c840"
1242,"828200c0cad60a387a9eb00dbe927e8a"
1243,"34d733859f80f736cde1f13899f6dab1"
1244,"c80b67f7fccd2ff6d8823cff42fe5171"
1246,"b7e819a09d11d9357796fff7eff331ac"
1247,"4cdeb964f39090b025394c1df8fd2438"
1248,"b749b603ed75f5b1659bfd7661c1b472"
1249,"079522cd0291f8c32cda593c27725e4b"
1250,"073fc35dccf70f8fdf25cc8d3b87afff"
1251,"e6bc7b8c7454e1098f6ea5b491fb83a8"
1252,"8f6823a8c8e77c6b39c83051893c4095"
1253,"c51741aad07e6ee9dfd589fc6666e804"
1254,"762f9cf143ba1308546a9d26182ee676"
1255,"ceafd427896275c9167d7d0a368036b9"
1256,"4b6a8355c8af173d16f16227297b02d6"
1259,"43481f73e19652bb22208ae430f7f269"
1260,"5f8852c67f33b0225027073a5f3fc8a8"
1261,"ee407ba867c79ec3ccde7e32747cb81b"
1262,"92f80e7f84e87283e8ab1a3c6b2e9395"
1263,"9113a680678c5891f543357030acc974"
1264,"973d39479fc7c5327def60c96e92359b"
1265,"f41b0d18fd97c2ed08e5e4b1d1080856"
1266,"14b8ee2621cb3cd18bcee81a951eab61"
1267,"67d818fa77a0e6adb8e27983e18f0983"
1268,"2da3214ecbd2eec6be81f7e2138a7c28"
1269,"1186d46a1f964c473ec027706fda8c95"
1270,"9e36a1832a35fbe8c32e70faa19c9818"
1271,"307fee50e6d1444ea1bbc8ae8130d3a9"
1272,"949ccfb608ca3c1f53717772b7b71ebd"
1273,"69bd36e85b710dac4e5ad7010acad311"
1274,"2fa252cdace3327b2255dc52421af356"
1275,"01a7901eb884cdf4293be7b5e2aeb2cc"
1276,"94177f26ead12cd3292a4a7ae1c6d3c2"
1277,"67ae8f5c9ce583f18f008bef9a0706cb"
1278,"1eba0d48e5f098994560c22f21925717"
1279,"e1782d8821991ba60c8ec960bc4ac2d9"
1280,"afe4374991e4f759d211a6781290eb05"
1281,"76658ea1d59666d1d42b47c326edcaca"
1282,"c067fe81a40a06da3575c1458fd55dec"
1283,"ce9be90955ca990f246bbeb4285660d6"
1284,"a06e87409b806008383e79af09039db7"
1285,"f286e10b27af5d6c5e712135470c64db"
1286,"ee3414d15bef4d36f2cac27d1f69c903"
1287,"706e313f1145724ba77c1f38f9fe0e16"
1288,"3a30f8f235b47104de48fcc01651cd51"
1289,"8d4aa5d03f82d39f6bca18eabc552fc1"
1290,"9d6c80d72f32b26fb780301e365f651c"
1291,"1af3a4c42f10c9854811c5810c0973a8"
1292,"800c4700d83a18a6e5ea480e3b385e1c"
1293,"bef0fdfe4e84fbcff2d0559858fbceba"
1294,"b2b241c5a6a264187220f3560256c9a9"
1295,"d20a918a188aef3c040e8d8241f6729a"
1296,"95869bcbc3e291b44cf1fa64f1b01c18"
1298,"74a48e70da64c0a6856e42c137267de1"
1299,"05c384978d8aa4a09c820bf9a858265e"
1300,"39802400eb8a689b7e0b763d04c748dc"
1301,"84a097ea2149082bbb760adec6133263"
1302,"13aa735c3cffab75bacce9d60954de62"
1303,"0011f9582a42bc867b35e9316231ec7d"
1304,"d930074b5d597588d0c3b410daaa569b"
1305,"50cb70d64a777ed73df4854f45d783d6"
1306,"ab8ef9d8f5fb804c8644c513596caf12"
1307,"a954abf202c9be2605ae93de59233723"
1308,"7c8238bbcee50911faf896a76baac088"
1309,"5ff64e9b62fcc0e2c1e9e0054853c506"
1310,"d407b2d9ea36b8a184b842a1d1881877"
1311,"d03549afdb6554ee72d7282168650182"
1312,"b8201af138ec59585cbe71f75d44417d"
1313,"744c72ff11c8caa1caebf7e31d7529ae"
1314,"c558cc45f547671c5ac07bec198a2c90"
1315,"00bd0b1dc47c0c0d36899cbe1edbe6d3"
1316,"28196899ad15fcc120c08139d9a8bfc7"
1317,"ef8d773c699ff86e21ad200347ec3237"
1318,"ca12d02c52e0a6e92479540fd5f1fcc8"
1319,"fb57d1fb9a08e4021d58f31952515886"
1320,"b7de4992545d9ffb95027f239e9fdf06"
1321,"60bede67fce7083a941eb76c0fcd334e"
1322,"37335b5de067eec044c6ecb457d0ec32"
1323,"6b08bb74135bea6765bfff79e1f6fef4"
1325,"fbec561120ea2a511570be01dbc3a90c"
1326,"69c6a7fddb7ab33598770a7414276336"
1327,"6d943d0787132d86e10f4477f9c1e8f5"
1328,"d635a5b3f413fe6a0cded28ad491e999"
1329,"b4f8ef5606d560897cb9b2e82d095f05"
1330,"4d07c6f3e08be178f377be0877ef14e7"
1331,"d9d248b7648521b4f6febb83ff34ecd6"
1332,"5f1641f32841e04494940a546604f014"
1333,"dc948ad9656a45e9f25bfa7511414851"
1334,"7874686c21141dbbd4a74da2d387ad9c"
1335,"dbe652b5a0ffef10ec8b1366cf679c1a"
1336,"9ce98e004b4295fe32fad63f98efb82c"
1337,"0608af04a3764b4d85de3f60f99778a2"
1338,"58ad3922c3ee27f152ef152b380ccba5"
1340,"246587866df9817ee3332d4e521e9c8d"
1341,"372cf61c1612b95393edf7f4b69c98da"
1342,"6a1fde89f05c4a4a43d391f3e815ccd2"
1343,"18b7150649a599e90ff4608feaef291c"
1345,"d462f39e9ef3963e5cbace391b8c4e63"
1346,"0011c76a64990004e272d9b2c8ad5bb3"
1347,"842b3242de1c7dd0cafcf3fa206a569a"
1348,"a3d5131e450ac4d6cb2612f7fc986877"
1349,"2ac5f0939784641f0992f02fadae5356"
1350,"bb88ddfb34dc1ff203e089d5f581c7af"
1351,"00d82d67c970649b4b1ee1ca9e32b708"
1352,"f265288b98b39e9ba97859607730a493"
1353,"188c7ab6c7720f81403dddaf9c0beb4e"
1354,"4489675156bf73005f11bb8d0337a46b"
1355,"f7ae6d164af5726358cce865a9f0448f"
1356,"6225f9d421a59b338a09ee7debfbf79c"
1357,"87b2045f965a415a234a050ff9afc73c"
1358,"adf69d3dd35e58c41c6c8ed280691969"
1359,"fb55b05c184d4fe3bae7cda10c304163"
1360,"e1bf7fa8118d29cd69a90415459e6789"
1361,"a0a01c29b03264ac8aef86cba7ac2fec"
1362,"f14e11bdf559c3b1ff0f8e111e27c70a"
1363,"772c2ff5388ae24c25ad21e483640a85"
1364,"10355d9a6a06af81f49ac53909fa142c"
1365,"9b2654c2d7ed9b0c2e261a64c834b26a"
1366,"189a31bf1cd9f028a7158ac1041ed99b"
1367,"aaa350f02d3c3a5912b5c09c024c396e"
1368,"acf981c0d0367b28321403b1f7ee1c31"
1369,"d1d94c1700297129d2cca04f21de949f"
1370,"999a8b6a697881c71c56b1943b4c8007"
1371,"ce3c5d15bd5d5ba99f81d3b649a3ad0c"
1372,"b9df0c82c7b5306f64d94cc6db64675b"
1373,"df364859b763432ad0b26459c36fc356"
1374,"62a16e24de24f4aef86bc05174991ff8"
1375,"6dee188b41051e9c32d829c2199ec244"
1376,"84c0719e185ca7227d2efbd97b4ee0ef"
1377,"f94dde66161605d7adc1487d1673640b"
1378,"3f8cb7bfcc725f8ab9db39feb4a92eca"
1379,"042ac379fb5d6b9f5a7935e4a24ee4af"
1380,"e0a9024b1ad1fe2a758133cf4cd8c2dc"
1381,"4e319a3102b9978ebd23678b4e3fc456"
1382,"0353bd58efec9348f788a6a465f2ab01"
1383,"4b20a5d4fe8265ae7ae5c32faa85d3b1"
1384,"3cb3c0b1e6c4a766a459a5c84175c801"
1385,"407c953d23d60f93fcd47dd405d2514f"
1386,"c025e9264cc08ee5aaf24769b27fe4c7"
1387,"72aefbc07c9bd8f5e2ddd12b559b1c02"
1388,"4f5b3aea711e4ea0f0a86e6e08627247"
1389,"cbb4aea0395363ee2b9f67b79445f5d9"
1390,"4264d275147390bde80e4f6873c383a6"
1391,"45f37b666a134542c27546b13259eeba"
1392,"0069237a9f61c272f7849f501ad44bf6"
1393,"b5406b934037636e198735875ee8cdb8"
1394,"631391fd321e0d169e686227421655f2"
1395,"f82a23f9bbf80c66fdafe5a612e7aecb"
1396,"d8c5ee19cc58b698ece95bcdf0d78c33"
1397,"ceaa9c99da507607e75bd7b26b575b00"
1398,"7e3d26b1697cdedc2a609ed80201ccb6"
1399,"cb1fd5218330200fadb44c72e127dc09"
1400,"b08f3d35f7a21859355782e17ad62b4f"
1401,"a3980513e42bd14cc2c1638ab568b9cf"
1402,"6fa7ce5b9c07f3a288443a6b9945006f"
1403,"e2a25f46bbfd956c426c789f339dc782"
1404,"d096ec77e8096336ae7b6c7fe8314581"
1406,"ef6ebbc6d814137f9efc4aac88e61e17"
1409,"db73c3ea90c2d8ea6076ef581efa2ab1"
1411,"b6287da053d74a3053162d55a2bef553"
1412,"77e8711b5af2e414d401139a2145964f"
1413,"c0761dafa993a0af909d3ebca28f8368"
1414,"34651c0324a9111d3fd1faae2e490023"
1415,"49f0261493791ae96a537d80cb41b2c5"
1416,"41e4f04de3fdd9e1ce8aa9f273cc8d38"
1417,"3447f5bea473dceb0773fc65eab8fa3f"
1418,"5b987360f0131c0e7adea4bed2034059"
1419,"c7fb19c6f1da0de88c897f776b34f5b1"
1420,"0232a2b0d9717a0e74f381c74c7ffb22"
1421,"5710dc51c6f51bd3d437d6bc22aca43d"
1425,"0730bc2e9dd21ac705e0266f2237e411"
1426,"bd720695dd6fbd29602f1b7348d04092"
1427,"12a3b12b9570908e089676e3c92f3598"
1428,"ecfd7c254f1d087832a2ddc5c7ec9a4b"
1429,"3df70eff6f618fa61a4cb35ac288a4c4"
1430,"c29240840a1e62a91a8cbe7f7c0ccc14"
1431,"001416c4ccd220263d7bebf151b42cb2"
1432,"7019356b02ca1ccbd59be73eecc9fdad"
1433,"32b40bba3fdac73dd09522305a2ba0c8"
1434,"2d4aba6ec16465fd86dbb0a560116e09"
1435,"71b7ccadc925ca71adefac18b3663555"
1436,"c34d0220977564f3a0151fa476678004"
1437,"a12b11d8b71e2ff02af349db2d125838"
1438,"366ad886fcab26f47068f95bd62b66b6"
1439,"58c02d77fd347eaac5580d01e8685977"
1440,"62208122db2cb1fe19e0f775a6ff11ad"
1441,"91f3b24f1895af9eb10a08d61d299591"
1442,"ea83dd885655808d3526efe0e29e8471"
1443,"3215bffd8136a897a40d997ef2c6b7a9"
1444,"6409ecaf0bc3c143cb61d221f1a64fac"
1445,"3a0b8c50160c48bf44c128b151005592"
1446,"a12f70ec5bd97639764d926e4037287c"
1447,"f6ef2ed36538b016166b02a32e8e6ea1"
1448,"c40aba4aa28a17980603c49ddfd255d3"
1449,"fbaa186a11be6c6703ef2f2564d63829"
1450,"5ee81a6a431e7e59028c8a21d92771a4"
1451,"be9d8269ac21d263f344461d7579d278"
1452,"8bda1703218a3322f7318b60cd9c2f0b"
1453,"e7e5401eecf5146929d2cb4ece1f31e1"
1454,"6134763f3cb3fa25f3331038cc240c46"
1455,"a84b07a21e70a40687cf79f2c6bfd613"
1456,"ec5bafcc3adfaf5cf269e40460a6aee1"
1458,"5b6a998286ce4f1dea1826ea835ebb94"
1459,"81f4db4d3fea7d9a36b1fccbba9c3440"
1460,"d596ec7030e744594f45b1d2068af0c3"
1461,"34b2da9f4154ffe3d94b4cc9bd2458cf"
1462,"417d8d5b8190f809257f48bfab7047f3"
1463,"9a19d1cc1a35c52ecca91832fa50b03f"
1464,"5b0e4903ce92b7791082e850ac2146bb"
1465,"6e01fffdafa4d2563a67f78e652bf702"
1466,"7df8ad17d4c85f93c97cdf57065944fa"
1467,"a3ddad1ede067b22ee044fe9958bf27c"
1468,"4e1c931af46918194e640cd769a5a76f"
1469,"677fb5fdf090176eb80e029181f91658"
1470,"d2bc65f9abfd01e1a2b1eb514884a913"
1471,"853ab30fc43388f3ea6aec27e492bc37"
1472,"60a85217923b549002a87cb278275561"
1473,"9f56c7009b0150bd7848538adbcaae39"
1474,"55ec035c1083e07cf5e6c569baf9d351"
1475,"7be525e8b85b90f382df8e3ecff05a19"
1476,"a7badfad1c3b6222f471961c20e8d724"
1477,"a885bd6fa5fcdfe00fbe6da4c0fea7b2"
1478,"96635debcb29be62447bf2df5202792c"
1479,"833dfaeb624307563a25aa02f8b5eb45"
1480,"bed04574202507775173ca5c4683d54a"
1481,"45b7b869633a2ce6b5b972e838910daa"
1482,"cfd0fae475d48a560946af149f95c23e"
1483,"e956a235ce13d60db05c7df7da0bacf2"
1484,"c2de41f090069ada39d049a0dc905c01"
1486,"dca870d70534ca9827b1a840b09c0d38"
1487,"15978d55cb5ebb2cddb0f9e5257b42c6"
1490,"1f25aa42bb2af0669846df8feeece22a"
1491,"cb96805e6d418f14dd3f4b8f8eb4e528"
1492,"3d108d491234b976a7b490206a4b123a"
1493,"0f031d446841ee0374d828f29816d222"
1494,"37068001eb500fabd3108374ff4fe633"
1495,"5529745cd9b166ff4321a9a5357a86d9"
1496,"5c5cf0042f96015668f0ac298d669342"
1497,"7eae0a5b271695110bad30a1e4f9af4b"
1498,"375cd8b703f3b61e7adb25a15d03eb05"
1499,"235aef4ab9c327ca1c5afbf1f648a06c"
1500,"6ddcdce296e20e270517d082af8983d6"
1501,"7b846f6095393fc06d997a6bdeab89fe"
1502,"45307c057ab849fcdce6ea12c1de3078"
1503,"4c2891b91313e530da632512965f9f17"
1504,"9cb264b84ee5fa295002e0fad2fae620"
1505,"be38796b28eb899d1ab12a4de7ae69be"
1506,"b94f08fd8224097cc87d65e8501e68b0"
1507,"efb581b3609d6745b9bdb737b5006b38"
1508,"b6e7a99b0f17933fb370ab49e5abc417"
1509,"ebeb7c867dca487c6fd759a4d44b0b27"
1510,"b55056dd2faba58aa8bf3a3a9ca47361"
1511,"5ca99bb1843803513e6b1608f9ad3a52"
1512,"84bfe9fbbdac09615158466ce5e8f45d"
1513,"a3f2b0cf6e43beb56a139be2e861aafc"
1514,"4d03c94e349c6d5db553989981999fe8"
1515,"57765b1ac637efc7287cef16668c6d33"
1516,"66894433ccae7582926da61bfc9e586d"
1517,"d069ba4304fee207acf0cc34b0f3e761"
1518,"2c87dfb717cbde599ac4214b8c94063b"
1519,"084ca2c78371c45fc278b1697c2f4950"
1520,"fbdd2d780fed55a825ffe54af56ffdda"
1521,"2ec84c2b173f801240fec87eb41143ac"
1522,"3c39b4af7685c782b6cbdd0bf604fe47"
1523,"d37366f2959c6b8f111041519eed6bed"
1524,"6f0b1d72670390367a10666754f3b0be"
1525,"b59411c7e36de7ff5d594191cabe15ea"
1526,"98da6b05849ea9bd058cd6e92d9f8e2f"
1527,"aafdf82dda7ddcbecc58d9b756427d85"
1528,"88f92f007594fc67475f6b1073a2ec32"
1529,"04695af7f58a4d99a06953f263929e6b"
1530,"3521ce22e4c7a24e4bf6fee24b410de2"
1531,"28792c5691791d2f56b7b42fe6065ad9"
1532,"85ac5873aecbbbb75db0d63feddf57fe"
1533,"1140d28d842d5e8f078075450e9fc9f3"
1534,"91c05556334c1cf963c2c1dc7efd9081"
1535,"3ed375d3316def2b10b739d497a775b6"
1536,"573e4dee2feacf293aa82a15161818c0"
1537,"2a7fb90bf17624440a7b88671a5e2ae1"
1538,"596a5b9ec3168596f763798aef7d77db"
1539,"2c5d52f7153f43ecac247823d93690f4"
1540,"5bde52dc8262c6b47670b708b073d812"
1541,"e24bf61b12ae8a8ac7717d0d8ad82f3f"
1542,"7b07ca8f30ca399dc7ec3f26ae2fc821"
1543,"3dc06b6b19ceb22379efffe8a2dc16c1"
1544,"c7ca54524616997b4ea76dce414e9a15"
1545,"0896222402aba94842644d3b7acf786b"
1546,"b0b069f184f53a4da3c8103602885cec"
1547,"d0e4e84a07a0bb656d15785477088500"
1548,"6914418d92ced1e0dc8f9af99e13960e"
1549,"fbe0148225e49d53fd5f05cc554f762d"
1550,"60b062b7a73f2326810009a300ee9c48"
1551,"9d72d4a63d45fb5a28ffe88248d63ec1"
1552,"d28b8374b476481d168040f61801c577"
1553,"774d9c70c517b4312bf5c5cff4c3f2fb"
1554,"5d87349ac374905414789bdfdc830e6f"
1555,"621ab13cb7a50ab24411663092bd6b2b"
1556,"6b47ddc8c144f78301403f8d6eb0628e"
1557,"4bbec1d4f1012f0aac580f0699e8b74a"
1558,"79fc145aa98219e3f0582dd315877e8e"
1559,"6f0bdda178eaf096b78418e9a3273d0b"
1560,"f7643bafa9065da657c18126befb5237"
1561,"1325da31cd6ee28f8db33750dc36acea"
1562,"802085486adc802a4f1261dc8ce289b4"
1563,"983454d4a041b28ad350b022d3a99ae4"
1564,"c483bb19b93d66f6313feabdab1e0838"
1565,"2d709c2e546e4197e8cdf72113bc5320"
1566,"15149afc8dda4e1beba3bb97df52d7e1"
1567,"7c666a67afad2ae3e9bc970d4bae07ba"
1568,"b0ee5eb3905bb26c439a5045afcbdd87"
1569,"4c2039422ca9224a8842c5bbc68b893f"
1570,"3feeac257c1ea1247d9090b00293028d"
1571,"49d67441edd296329c97956fa6563291"
1572,"f33637471ad61558816444f038a7138d"
1573,"f6d7f4bb0ddd26921df8c3ccf279d49d"
1574,"af15bca049ce6d145bc0fa55af73915d"
1575,"c8eb25d08fd44035052f3371fd11e99f"
1576,"ccaefd5c7097be4f846fb28d187c2863"
1577,"f63005af40f9255cf848bc962f2c0f5e"
1578,"8626510f1958715f8763f07fea57bab3"
1579,"7a777622cdd2437d9f411e339f98357a"
1580,"7c094eb4fc6167804b3897c4057ee548"
1581,"27019e328d20c1b12fd4fdfc4ca21559"
1582,"2e923e0f325ec8c9f26ea3cc6137ce94"
1583,"63135101f6972fd4a95cdbae2310b63c"
1584,"7f03daff6560112aeb0ab1bacb5bcb80"
1585,"382ae1e2317d63d22ff487ceeb531994"
1586,"18676f8c2d5d2f00ff3934c726b4094a"
1587,"c909f914eaba65a454ec3ad4e78d7e84"
1588,"7fe2411d6deb00b07c6b53933d6c3633"
1589,"9c292d4d9a92cd95dbbc27bae9533069"
1590,"5621d2f5da9e332f9035233ca3e22ad7"
1591,"116b1b4a4ed379d49669becdae8335cf"
1592,"c0fc666fdefe3e6e6d1e85a98ed2a744"
1593,"c61f93ed4897db1909c8ec17893f62c5"
1594,"2e99d09c26f3c5a9ea7749c5bcd16ec6"
1595,"48f295d0f3ac282bdc84093375585992"
1596,"5a51f3a2c33af6d763b270b138199d3e"
1597,"70227bb81ad368dcb316d57e6986f57a"
1598,"90dd67cebd2eaa65492bf0756339d780"
1599,"2eae74c42f313bf4d239ed507682a68f"
1600,"d96aa65378ab70d77f342ea66a954fdc"
1601,"7ae5e95e42c98a476f8aecc42442e896"
1602,"a2e739088089aaf968b6b0ecd3348d6f"
1603,"a172e59acbbd9f8aaf00018f32c9a416"
1604,"062f2c2a2cc8c635fe080b0c1855cfa3"
1605,"a86450919ff9af4a041e648b1510a672"
1606,"e5351beb046336e206e5add0da0f7417"
1607,"0c05dfc64fc93a313e8b53695771551f"
1608,"a67952cf8d0f56d15da04e0b036ce0a3"
1609,"d99f1b6500742011fe889c172704e6b5"
1610,"c2c9ed0e1a1545ba8289c1d1f0ca8800"
1611,"69d44fd056d8a3671c383877962112bf"
1612,"4e17dc597aaeaa6993c868136eb0c4f8"
1613,"decd5822804b0b4a761346a1b57238c6"
1614,"0f7d47de2aca5b8e5a4410c2acaa8610"
1615,"2c1d4cbc89ed6390250bc52a8f4b5377"
1616,"f5ddd0e430962b70d8523011c28e8f04"
1617,"8808a36be9ae9552133b1dd974ddbe84"
1618,"2c79e5eb2cdd9be4e75dcf9cf90763b0"
1619,"8933ddf35f4c9c1432df2e446b4dbb6a"
1620,"f3469446c7535117dae4b3320f365f1f"
1621,"74b6cdfeb94bd4ff38a59b6bf88636e8"
1622,"331aa153a4a15b975b94d00268962ebe"
1623,"ad4ff9eefb6eabad1516e3000b909dc2"
1624,"1fab06d570648e01af854e93933422c1"
1625,"8c2d1a19bcb2329e92fb8759062f9002"
1626,"8bdc33d5e791c05441233ca9eb5ac2fc"
1627,"4947a25a3455b482f2c486f3884d542a"
1628,"bca23392e085e99362fa28d8244973e3"
1629,"7d3904cf376f098f4f0f40c6b4a39415"
1630,"b28ee890e99bfaceabd803eb8b916e1e"
1631,"f8f4b7c399f04e3fc1677c3a36238447"
1632,"5b619cff81ee1f8200e496c29372c3f4"
1633,"1694b8bbe678ce82bf4bc36f3745179f"
1634,"fa6a9054dfa476944d79cf0fc1b2b1f3"
1635,"b02f64c7cc6a6a31c621b65164b048d4"
1636,"47c42018fcae83a605004102ad6346aa"
1637,"edcd6741d007b900d286ef3306ad95a4"
1638,"084ec787d98cb7e8e6a6ef84758f562a"
1639,"3be7847a39bc65df8b6c0da007436389"
1640,"96b11e3732ff0f883b64c882de1cee66"
1641,"bfb2a18ad52ed1464e280ea7232eb3d1"
1642,"4db5175b1889024168ad8ae72e9d6f4b"
1643,"3547fa88ae60d5d32cf50f8a519311da"
1644,"3c773e5b729181b8f6fe9f2089bdb6cf"
1645,"00176a944911d1942c4e93dacae17c0b"
1646,"5d6a127e062635e07f22a3bfb093ad4f"
1647,"1ae59bed8da7bb829cfb87a1a4313c06"
1648,"e1bea80f520f45f60481ed08bff396ee"
1649,"f7eed9db280810d7daf72e5ad8c707a0"
1650,"813e0b1372d2cc6a10e92e49975bac5f"
1651,"a245c80099440cf0800b47349d5e6fb6"
1652,"22018eda762a5a09b1c287f202cb825d"
1653,"a117b92f6bdbe2c76ea32a3b6c32bef7"
1654,"183abfc86a1f9e2992b1fcdbe9c7b074"
1655,"53d064b88ca0578b38a102c71b3f51fe"
1656,"af0f57b8f1748f689db57972cb5e1049"
1657,"f828fec40f17ca80e2715f736b81d2e1"
1658,"426f921e065d2c3962b61ef3fe6bf5b3"
1659,"652e392c9801d655846fb8fe3b1b1ada"
1660,"5bd25329af8ad1bdea443f809ee2bb8c"
1661,"bf9ecea26983476c48429966d10ae89c"
1662,"085b1b9f5d9e7c7416e0718f5ec37417"
1663,"d36607669d9c6ee3680fcda9ccf6251a"
1664,"5655a2eceb533e59079e9b78cce1d4cb"
1665,"e2342e1b9c034fab1b83baa510cbb67d"
1666,"4e006b49761e0658bef3c6660c0654c2"
1667,"bcba15cc1b70aa48af0e99a790ab4f4c"
1668,"32299c821c23164d00a1010cd16fd95b"
1669,"8b666994c1d082377e7f36ab65e3ad08"
1670,"33d9f6921a3167b0e70ddcdb46a84a70"
1671,"e713642df912da0a68ac27fbbd5900ad"
1672,"f9c29163f40a6e63a814a53efa3b8030"
1673,"a861d1b2bd27ed158e77e1d71bbbda74"
1674,"c027feb3a7432bb80e4a9f724785e554"
1675,"e14242d6bb6f7ef5e301a33e0f529a1a"
1676,"9e67fcf4c6b377a40307d35bb2e597b4"
1677,"27811129050a28c899747327f8f8a075"
1678,"233c1e9841ea14d1497d8b3fe72afdb9"
1679,"f4fb7de2f5536a9ab32efd3c453c065a"
1680,"5a316a3717e88f9af515ebc1d9cb5358"
1681,"ae7c73f04c8136127c36e4fe1bf35e57"
1682,"32f0517041a9a00eccf62ded52f3601d"
1683,"eded6cf8f4a6703bcb9f3b22e483d4fc"
1684,"96e5a3a8110058d61fcc766f600ddc37"
1685,"1203a5c0825c744c7071e243a2d0615c"
1686,"0db4ebbee0c5b36a939eec3d62fd96bc"
1687,"3096d8779265958d2ad2b5fa286ef8f7"
1688,"b0dc2ef89dfd8bfd7c056f4cfd50c809"
1689,"c773a7941e523548f1d6b3508a054027"
1690,"bd29910cb997c23f1ea26a34ca03481b"
1691,"66ca285bc6fb56fe489aa03b603b9adf"
1692,"01467d359a90aeb0d07ce5484b301593"
1693,"02122c2bd723055320cb07ff27d2820b"
1694,"c6d3df9a9ab1ffe1116c9f1acb0e7b13"
1695,"0ce5c2b9d20563a563bb897075affa17"
1696,"0d4b5223d1391b5800aa99aa937d125d"
1697,"40cfbd09cfb1ff0065e5a470ff50f7ab"
1698,"5792c473116be237f59379268fca9698"
1699,"66604e7b4f606fa59ae117200c900e38"
1700,"ec227971703ff4e1f1b1c4f5af623780"
1701,"1d464c1de4d3468e05417418358cbc3e"
1702,"638a25a8b9af72a419c6953f10ccde2b"
1703,"2bfc6d567ec25fce4bd8c199db7522a2"
1704,"836a3b143c95996262aa0550a210f2be"
1705,"b52fd202c2f267bc732e03662cddd2b9"
1706,"ad4189cefff7f40e1d732f391601fdef"
1707,"aab2806b634078d9d6121da8399b0e05"
1708,"c49a53c1f77b65ba80e73520910aa6c8"
1709,"cc8f4dae811474b3c03de91c8f0be931"
1710,"474121e07a87c8c5f46b3fdef56fa8bb"
1711,"d273de957e5dd78b6c6b13b6821e3e5d"
1712,"e7a51d05bc12c280cee85618b7a085a3"
1713,"2fed939917e7900b4ac3551073a45e3a"
1714,"60383fc17d76ac0577664d1650e140c3"
1715,"875ef786302ea996064708f7730f8bc3"
1716,"574bdf1ec5f676f250739a493403b4e6"
1717,"3035144fcd924f4ef3a76cfed04dd439"
1718,"59608dfc8ed0c0e1333105f563e4bbfa"
1719,"7fb04c56c211b0c730960cdc91c503fa"
1720,"e29ecf4dd1d01d95b7c4be1073d630fd"
1721,"704bf46a91dd04c6adaa07c0d486f75a"
1722,"19954e2af60253b55d566aa3b8bba05b"
1723,"88cd4542bb488b4c79a2114e02e3205c"
1724,"818ba6fb4892f8357d78ad1f2585c2ce"
1725,"f712a5accfe2caa3be1f403f1c38e03a"
1726,"0235ce2d239d7144582fbf862a58ec10"
1727,"1d6cb6e623ebcaa7161a073102840885"
1730,"9b15bbd68b8b6940140282c382dfa8ff"
1731,"45c308c0b226eed67e1213fb5fc025b7"
1732,"ab8f02ca1fdfd1289138ce26c53dd7f6"
1733,"6c8fd96f1eae3490c427d3e8953bcccc"
1734,"44e029376d61662b47b5bb69a3f4704c"
1735,"ff2fa69bd052b9f38abeb2c8e35b58cf"
1736,"cef4eaea025b3541e88eca75352a5c5b"
1737,"c6db8d8ade3f2897063e27b531d9cace"
1738,"541b2ff00a9554b57103c775edf5a8e6"
1739,"33526e1e038176807177a9a2e1d3a978"
1740,"43e1f74621c9a1016ab6ae64d63f9cfd"
1741,"c523248d623db33ed53600506b432aa6"
1742,"8a4854d4fa6ca1d1a6dfe840b14965e6"
1743,"5e32304e200bb75f3a73f739fb3dab2b"
1744,"dc120eae9055d750f9752369eb8d1b54"
1745,"5af4b213e4580a042866d50be01202c0"
1746,"78cf0282e56fff425a2da072d5039b5b"
1747,"2b4218ccaef21cb4aee848c74f72919b"
1748,"98060bcc94f4eafa584a749f64b709ad"
1749,"7a1ea0ea6d98e6c8182ec3135c25e4fc"
1750,"e10f3e14f4162dc036185b8ad73885e6"
1751,"a05254df21772bb3022de1fd0f9e923c"
1752,"033ae280a681ffa44008753392ceea80"
1753,"9a6ba96b337946e270542377a1cb33f8"
1754,"e36ebd968f4e558e1eb486039e7618cd"
1755,"e478ebc0c8e05993affc97136c2cb2bd"
1756,"766ba9aa46bed46290418b2d5846e5f4"
1757,"2641713fcb53df7e3801e68f569afd1b"
1758,"8f1e068d16fd4aafef13e88ca6b9ab5f"
1759,"5771811cb2326f49a42d794ffb415500"
1760,"2b7bca2211d40bd1f33551856b4661cd"
1761,"26af3035de75058bb106eb05ebe86e70"
1762,"b1bce7b87be2c0e2f8406098602440d6"
1763,"bd148ea52cfdca9dcad383b044264d04"
1764,"f92e7a6dacd881c9771678d1e0b00f76"
1765,"8ed9c075a95d346d63370058a64aec20"
1766,"2e7be457f890cbcc91ab64e5af794a81"
1767,"4c58b9a0d9a18047989a506effed540e"
1768,"cba232abdb9ef17b7b0a1d221ee58d04"
1769,"bc903f55b198be2b6f87477d29cd584b"
1770,"4f48b5c1515aea5e9bdea7b05dea78a6"
1771,"2fef9221427606483d8b4a3ac1ac5228"
1772,"f154f71673669b2b12a59cad6cdcd5a3"
1773,"a3f26887c9a183b5847628988e680c99"
1774,"69cbae229c0b16556b1670981577ce0e"
1775,"03ccd7e13c4a01e6659a1c068f7a6bd5"
1776,"3aadc5bac4a49b695b762dcaeda32d01"
1777,"1fe79d71681e33f7cf893939cb6f1bed"
1778,"fab23c066ddfd226b60f6ba1dba15ac3"
1779,"e75b52caef1cedfec76a929495219760"
1780,"3ebea4c0f9817a01158401951e129945"
1781,"4a26508fde097f0c33e5370721b6d99d"
1782,"9003ce846d6dc6e9bd359b018392f9fe"
1783,"66f72d072ca75155be1ca2509afdbc96"
1784,"e9ff4ac112c4cdd1b6aaa1da2a0f4429"
1785,"90f3115cb13b59a662c98ffec35e6406"
1786,"baa3dd2e74dc9f466e2ce76b46f5de68"
1787,"19446e89d515bd862ffb650153147e60"
1788,"c984584a36a662c61c9598a25e7a38ea"
