"big_other",4
"big_other",7
"big_other",10
"big_other",11
"big_other",13
"big_other",15
"big_other",16
"big_other",59
"big_other",103
"big_other",104
"big_other",105
"big_other",106
"big_other",120
"big_other",130
"big_other",203
"big_other",226
"big_other",285
"big_other",290
"big_other",304
"big_other",355
"big_other",358
"big_other",364
"big_other",1797
"big_other",7520
"big_other",7642
"big_other",7643
"big_other",7645
"big_other",7712
"big_other",7713
"big_other",7714
"big_other",7715
"big_other",7716
"big_other",7717
"big_other",7718
"big_other",7719
"big_other",7720
"big_other",7721
"big_other",7722
"big_other",7723
"big_other",7724
"big_other",7725
"big_other",7726
"big_other",7727
"big_other",7728
"big_other",7729
"big_other",7730
"big_other",7731
"big_other",7732
"big_other",7733
"big_other",7734
"big_other",7735
"big_other",7736
"big_other",7737
"big_other",7738
"big_other",7739
"big_other",7740
"big_other",7741
"big_other",7742
"big_other",7743
"big_other",7744
"big_other",7745
"big_other",7746
"big_other",7748
"big_other",7749
"big_other",7750
"big_other",7751
"big_other",7752
"big_other",7753
"big_other",7754
"big_other",7756
"big_other",7757
"big_other",7758
"big_other",7759
"big_other",7760
"big_other",7761
"big_other",7762
"big_other",7763
"big_other",7764
"big_other",7765
"big_other",7766
"big_other",7767
"big_other",7768
"big_other",7769
"big_other",7770
"big_other",7771
"big_other",7772
"big_other",7773
"big_other",7774
"big_other",7775
"big_other",7776
"big_other",7777
"big_other",7778
"big_other",7779
"big_other",7780
"big_other",7781
"big_other",7782
"big_other",7783
"big_other",7784
"big_other",7785
"big_other",7786
"big_other",7787
"big_other",7788
"big_other",7789
"big_other",7790
"big_other",7791
"big_other",7792
"big_other",7793
"big_other",7794
"big_other",7795
"big_other",7796
"big_other",7797
"big_other",7798
"big_other",7799
"big_other",7800
"big_other",7801
"big_other",7802
"big_other",7803
"big_other",7804
"big_other",7805
"big_other",7806
"big_other",7807
"big_other",7808
"big_other",7809
"big_other",7810
"big_other",7811
"big_other",7812
"big_other",7813
"big_other",7814
"big_other",7815
"big_other",7816
"big_other",7817
"big_other",7818
"big_other",7819
"big_other",7820
"big_other",7821
"big_other",7822
"big_other",7823
"big_other",7825
"big_other",7826
"big_other",7827
"big_other",7828
"big_other",7829
"big_other",7830
"big_other",7831
"big_other",7832
"big_other",7834
"big_other",7836
"big_other",7837
"big_other",7838
"big_other",7839
"big_other",7840
"big_other",7841
"big_other",7842
"big_other",7843
"big_other",7844
"big_other",7845
"big_other",7846
"big_other",7847
"big_other",7848
"big_other",7849
"big_other",7850
"big_other",7851
"big_other",7852
"big_other",7853
"big_other",7854
"big_other",7857
"big_other",7858
"big_other",7859
"big_other",7860
"big_other",7861
"big_other",7862
"big_other",7863
"big_other",7864
"big_other",7865
"big_other",7866
"big_other",7867
"big_other",7868
"big_other",7869
"kira",7800
"kira",7801
"kira",7802
"kira",7803
"kira",7804
"kira",7805
"kira",7806
"kira",7807
"kira",7808
"kira",7809
"kira",7810
"kira",7811
"kira",7812
"kira",7813
"kira",7814
"kira",7815
"kira",7816
"kira",7817
"kira",7818
"kira",7819
"kira",7820
"kira",7821
"kira",7822
"kira",7823
"kira",7825
"kira",7826
"kira",7827
"kira",7828
"kira",7829
"kira",7830
"kira",7831
"kira",7832
"kira",7834
"kira",7836
"kira",7837
"kira",7838
"kira",7839
"kira",7840
"kira",7841
"kira",7842
"kira",7843
"kira",7844
"kira",7845
"kira",7846
"kira",7847
"kira",7848
"kira",7849
"kira",7850
"kira",7851
"kira",7852
"kira",7853
"kira",7854
"kira",7861
"kira",7862
"kira",7863
"kira",7864
"kira",7865
"kira",7866
"kira",7867
"kira",7868
"kira",7869
"olivefly",1
"olivefly",3
"olivefly",70
"olivefly",72
"olivefly",74
"olivefly",75
"olivefly",76
"olivefly",79
"olivefly",81
"olivefly",86
"olivefly",97
"olivefly",105
"olivefly",277
"olivefly",1718
"olivefly",7404
"olivefly",7405
"olivefly",7406
"olivefly",7409
"olivefly",7411
"olivefly",7415
"olivefly",7460
"olivefly",7462
"olivefly",7463
"olivefly",7479
"olivefly",7480
"olivefly",7482
"olivefly",7483
"olivefly",7488
"olivefly",7490
"olivefly",7493
"olivefly",7494
"olivefly",7495
"olivefly",7496
"olivefly",7501
"olivefly",7507
"olivefly",7513
"olivefly",7538
"olivefly",7556
"olivefly",7584
"olivefly",7587
"olivefly",7594
"olivefly",7610
"olivefly",7614
"olivefly",7615
"olivefly",7616
"olivefly",7617
"olivefly",7619
"olivefly",7620
"olivefly",7621
"olivefly",7624
"olivefly",7625
"olivefly",7626
"olivefly",7628
"olivefly",7629
"olivefly",7630
"olivefly",7631
"olivefly",7632
"olivefly",7633
"olivefly",7634
"olivefly",7646
"olivefly",7658
"olivefly",7659
"olivefly",7660
"olivefly",7689
"olivefly",7710
"olivefly",7711
"paroffit",1
"paroffit",3
"paroffit",70
"paroffit",72
"paroffit",74
"paroffit",75
"paroffit",76
"paroffit",79
"paroffit",81
"paroffit",86
"paroffit",91
"paroffit",97
"paroffit",98
"paroffit",105
"paroffit",277
"paroffit",349
"paroffit",358
"paroffit",1718
"paroffit",7404
"paroffit",7405
"paroffit",7406
"paroffit",7409
"paroffit",7411
"paroffit",7415
"paroffit",7460
"paroffit",7462
"paroffit",7463
"paroffit",7465
"paroffit",7466
"paroffit",7467
"paroffit",7468
"paroffit",7469
"paroffit",7471
"paroffit",7472
"paroffit",7473
"paroffit",7474
"paroffit",7475
"paroffit",7476
"paroffit",7477
"paroffit",7478
"paroffit",7479
"paroffit",7480
"paroffit",7481
"paroffit",7482
"paroffit",7483
"paroffit",7484
"paroffit",7485
"paroffit",7486
"paroffit",7487
"paroffit",7488
"paroffit",7490
"paroffit",7491
"paroffit",7492
"paroffit",7493
"paroffit",7494
"paroffit",7495
"paroffit",7496
"paroffit",7497
"paroffit",7498
"paroffit",7499
"paroffit",7500
"paroffit",7501
"paroffit",7502
"paroffit",7504
"paroffit",7505
"paroffit",7506
"paroffit",7507
"paroffit",7508
"paroffit",7509
"paroffit",7511
"paroffit",7512
"paroffit",7513
"paroffit",7514
"paroffit",7516
"paroffit",7517
"paroffit",7518
"paroffit",7519
"paroffit",7520
"paroffit",7521
"paroffit",7522
"paroffit",7523
"paroffit",7524
"paroffit",7525
"paroffit",7526
"paroffit",7527
"paroffit",7528
"paroffit",7529
"paroffit",7530
"paroffit",7531
"paroffit",7532
"paroffit",7533
"paroffit",7534
"paroffit",7535
"paroffit",7536
"paroffit",7537
"paroffit",7538
"paroffit",7539
"paroffit",7540
"paroffit",7541
"paroffit",7542
"paroffit",7543
"paroffit",7544
"paroffit",7545
"paroffit",7546
"paroffit",7547
"paroffit",7548
"paroffit",7549
"paroffit",7550
"paroffit",7551
"paroffit",7552
"paroffit",7553
"paroffit",7554
"paroffit",7555
"paroffit",7556
"paroffit",7557
"paroffit",7558
"paroffit",7559
"paroffit",7560
"paroffit",7561
"paroffit",7562
"paroffit",7563
"paroffit",7564
"paroffit",7565
"paroffit",7566
"paroffit",7567
"paroffit",7568
"paroffit",7569
"paroffit",7570
"paroffit",7571
"paroffit",7572
"paroffit",7573
"paroffit",7574
"paroffit",7575
"paroffit",7576
"paroffit",7577
"paroffit",7578
"paroffit",7579
"paroffit",7580
"paroffit",7581
"paroffit",7582
"paroffit",7583
"paroffit",7584
"paroffit",7585
"paroffit",7586
"paroffit",7587
"paroffit",7588
"paroffit",7589
"paroffit",7590
"paroffit",7591
"paroffit",7592
"paroffit",7593
"paroffit",7594
"paroffit",7595
"paroffit",7596
"paroffit",7597
"paroffit",7598
"paroffit",7599
"paroffit",7600
"paroffit",7601
"paroffit",7602
"paroffit",7603
"paroffit",7604
"paroffit",7605
"paroffit",7606
"paroffit",7607
"paroffit",7608
"paroffit",7609
"paroffit",7610
"paroffit",7611
"paroffit",7612
"paroffit",7613
"paroffit",7614
"paroffit",7615
"paroffit",7616
"paroffit",7617
"paroffit",7619
"paroffit",7620
"paroffit",7621
"paroffit",7624
"paroffit",7625
"paroffit",7626
"paroffit",7628
"paroffit",7629
"paroffit",7630
"paroffit",7631
"paroffit",7632
"paroffit",7633
"paroffit",7634
"paroffit",7637
"paroffit",7644
"paroffit",7646
"paroffit",7647
"paroffit",7648
"paroffit",7649
"paroffit",7650
"paroffit",7652
"paroffit",7653
"paroffit",7654
"paroffit",7655
"paroffit",7656
"paroffit",7657
"paroffit",7658
"paroffit",7659
"paroffit",7660
"paroffit",7661
"paroffit",7662
"paroffit",7663
"paroffit",7665
"paroffit",7666
"paroffit",7667
"paroffit",7668
"paroffit",7670
"paroffit",7671
"paroffit",7672
"paroffit",7673
"paroffit",7674
"paroffit",7675
"paroffit",7676
"paroffit",7677
"paroffit",7678
"paroffit",7679
"paroffit",7680
"paroffit",7681
"paroffit",7682
"paroffit",7683
"paroffit",7684
"paroffit",7685
"paroffit",7686
"paroffit",7687
"paroffit",7688
"paroffit",7689
"paroffit",7690
"paroffit",7691
"paroffit",7692
"paroffit",7693
"paroffit",7694
"paroffit",7695
"paroffit",7696
"paroffit",7697
"paroffit",7698
"paroffit",7699
"paroffit",7701
"paroffit",7702
"paroffit",7703
"paroffit",7704
"paroffit",7705
"paroffit",7706
"paroffit",7707
"paroffit",7710
"paroffit",7711
"paroffit",7870
"paroffit",7871
